MSZoning;LotArea;Neighborhood;BldgType;OverallQual;OverallCond;YearBuilt;YearRemodAdd;RoofStyle;TotalBsmtSF;HeatingQC;CentralAir;GrLivArea;TotRmsAbvGrd;GarageCars;YrSold;SalePrice
RL;9590;Timber;1Fam;7;5;2003;2003;Gable;868;Ex;Y;1146;6;2;2007;187500
RL;12256;NoRidge;1Fam;8;5;1994;1995;Gable;1463;Ex;Y;2622;9;2;2010;325000
RL;12108;Edwards;Duplex;4;4;1955;1955;Gable;1440;TA;N;1440;8;0;2008;118000
RL;7500;Sawyer;1Fam;5;5;1963;1963;Gable;1040;Fa;Y;1040;5;1;2010;133000
RM;6000;OldTown;2fmCon;4;4;1953;1953;Gable;936;TA;N;936;4;2;2009;93000
RL;8163;NAmes;1Fam;5;6;1959;1959;Gable;1144;TA;Y;1144;6;1;2006;143000
RL;8125;Gilbert;1Fam;6;5;1994;1995;Gable;702;Gd;Y;1481;6;2;2009;174000
RM;10440;OldTown;1Fam;6;7;1920;1950;Gable;1510;Ex;Y;2792;8;2;2008;256000
RL;11911;Gilbert;1Fam;6;5;2005;2005;Gable;684;Ex;Y;1560;6;2;2009;174000
RL;9765;Gilbert;1Fam;6;8;1993;1993;Gable;680;Gd;Y;1470;6;2;2009;185000
RM;6120;BrkSide;1Fam;7;8;1929;2001;Gable;832;Ex;Y;854;5;2;2007;132000
RL;10859;CollgCr;1Fam;5;5;1994;1995;Gable;1097;Ex;Y;1097;6;2;2009;145000
RM;6130;BrkSide;1Fam;5;6;1924;1950;Gable;784;Gd;Y;784;5;0;2008;109500
RM;5232;OldTown;1Fam;5;5;1925;2004;Gable;680;Gd;N;764;4;2;2008;73000
RL;14260;NoRidge;1Fam;8;5;2000;2000;Gable;1145;Ex;Y;2198;9;3;2008;250000
RL;10839;Gilbert;1Fam;6;5;1997;1998;Gable;926;Ex;Y;1604;7;2;2008;181000
RL;10140;NWAmes;1Fam;6;5;1974;1974;Hip;1064;TA;Y;1350;7;2;2009;165000
RM;6240;IDOTRR;1Fam;4;5;1925;1950;Gable;780;TA;Y;1208;5;2;2009;103000
RM;9600;OldTown;1Fam;7;9;1928;2005;Gambrel;689;Ex;Y;1378;7;2;2008;161000
RM;4224;MeadowV;TwnhsE;5;5;1976;1976;Gable;1142;TA;Y;1142;6;2;2007;134000
RL;8197;Sawyer;1Fam;6;5;1977;1977;Gable;660;Ex;Y;1285;7;2;2007;143500
RL;8400;SWISU;1Fam;6;5;1925;1950;Gable;1181;Fa;Y;1694;7;2;2008;136500
RL;9000;NAmes;1Fam;6;5;1956;1956;Gable;1196;Gd;Y;1196;6;1;2008;139000
RL;15431;NridgHt;1Fam;10;5;2008;2008;Hip;3094;Ex;Y;2402;10;3;2009;555000
RM;6000;BrkSide;1Fam;6;6;1941;1950;Gable;735;Ex;Y;1218;6;2;2007;131000
RL;6627;BrkSide;1Fam;3;6;1949;1950;Hip;0;TA;N;720;4;1;2008;72500
RL;31770;NAmes;1Fam;6;5;1960;1960;Hip;1080;Fa;Y;1656;7;2;2010;215000
FV;8791;Somerst;1Fam;6;5;2003;2003;Gable;864;Ex;Y;1728;7;2;2008;207500
RM;9000;OldTown;1Fam;7;9;1920;1988;Hip;650;Ex;Y;1482;7;2;2009;143000
RL;7032;NAmes;Duplex;5;5;1979;1979;Gable;943;TA;Y;943;4;2;2006;135960
RL;3182;Blmngtn;TwnhsE;8;5;2004;2005;Gable;1256;Ex;Y;1269;6;2;2010;192000
RL;7200;NAmes;1Fam;5;8;1950;2002;Gable;864;Gd;Y;864;5;2;2007;129000
RL;13825;Sawyer;1Fam;5;6;1958;1987;Gable;533;TA;Y;1601;6;1;2008;140000
RL;8000;NAmes;1Fam;6;6;1948;2002;Gable;972;Ex;Y;972;5;1;2009;132000
RL;19296;NAmes;1Fam;6;5;1962;1962;Gable;1362;TA;Y;1382;6;2;2009;176000
RL;8529;SawyerW;1Fam;7;5;2001;2001;Gable;1454;Ex;Y;1434;6;2;2009;189000
RL;10680;NAmes;1Fam;5;3;1951;1951;Hip;2136;TA;N;2136;7;2;2006;137900
RL;10791;Sawyer;Duplex;4;5;1967;1967;Gable;0;TA;Y;1296;6;2;2006;90000
RL;12886;Sawyer;1Fam;5;6;1963;1999;Gable;520;Ex;Y;1464;6;2;2009;175000
RL;12456;NridgHt;1Fam;10;5;2006;2007;Hip;1700;Ex;Y;1718;7;3;2009;337500
RL;5664;StoneBr;TwnhsE;8;5;2000;2000;Gable;1501;Ex;Y;1659;5;2;2009;278000
RL;13517;Sawyer;1Fam;6;8;1976;2005;Gable;725;Ex;Y;1479;6;2;2010;130500
RL;9672;SawyerW;1Fam;6;5;1984;1985;Hip;1040;TA;Y;1097;6;2;2010;152000
RL;8532;NAmes;1Fam;5;6;1954;1990;Hip;1297;Gd;Y;1297;5;2;2009;153000
RL;4928;NPkVill;TwnhsE;6;5;1976;1976;Gable;1078;TA;Y;958;5;2;2007;128000
RL;9473;CollgCr;1Fam;8;5;2002;2002;Gable;1128;Ex;Y;2031;7;2;2008;237000
FV;4282;Somerst;TwnhsE;7;5;2004;2004;Gable;1391;Ex;Y;1391;5;2;2008;196000
RM;3880;OldTown;1Fam;5;9;1945;1997;Gable;686;Gd;Y;866;4;0;2007;110500
RL;10970;CollgCr;1Fam;6;6;1978;1978;Gable;940;TA;Y;1026;5;2;2008;147000
RL;11344;NAmes;1Fam;5;5;1958;1958;Gable;874;TA;Y;1524;7;1;2007;144000
RL;11600;NAmes;1Fam;6;5;1960;1960;Hip;1383;TA;Y;1383;7;1;2006;145250
RM;5700;OldTown;1Fam;7;7;1926;1950;Gable;572;TA;Y;1111;5;1;2008;116900
RL;15593;ClearCr;1Fam;7;4;1953;1953;Gable;1304;TA;Y;2287;7;2;2006;225000
RL;8741;Edwards;1Fam;6;4;1945;1950;Gable;735;TA;Y;1487;7;1;2010;113000
RL;8944;NAmes;Duplex;5;5;1967;1967;Gable;1584;TA;Y;1584;8;3;2009;124000
RL;9464;NAmes;1Fam;6;7;1958;1958;Hip;1080;Gd;Y;1080;5;1;2008;136000
RH;6629;Edwards;1Fam;6;6;1925;1950;Gambrel;672;TA;N;1369;6;1;2009;103600
RL;12203;NoRidge;1Fam;8;5;1998;1999;Hip;1225;Ex;Y;2612;8;3;2009;336000
RL;8963;NWAmes;1Fam;8;9;1976;1996;Hip;1142;Ex;Y;2715;11;2;2008;299800
RL;11885;CollgCr;1Fam;8;5;2001;2001;Gable;1299;Ex;Y;1872;7;2;2009;261500
RL;2887;ClearCr;1Fam;6;5;1996;1997;Gable;1291;Ex;Y;1291;6;2;2008;173000
RM;12000;OldTown;1Fam;5;7;1948;2005;Gable;924;Ex;Y;1122;6;2;2008;147000
RM;1974;MeadowV;TwnhsE;4;5;1973;1973;Gable;546;TA;Y;1092;6;1;2010;83500
RM;1680;BrDale;Twnhs;6;7;1972;1972;Gable;672;Gd;Y;1218;7;1;2006;118000
RL;12327;SawyerW;1Fam;8;8;1983;2009;Gable;1496;Ex;Y;2132;5;2;2009;316600
RH;4270;Edwards;1Fam;3;6;1931;2006;Gable;544;Ex;Y;774;6;0;2007;79000
RL;159000;ClearCr;1Fam;6;7;1958;2006;Gable;1444;Gd;Y;2144;7;2;2007;277000
RL;12144;NAmes;1Fam;5;7;1949;1950;Gable;832;Gd;Y;1268;6;1;2009;133000
RM;8546;Edwards;1Fam;4;5;2003;2004;Gable;1121;Ex;Y;1121;5;2;2010;140000
RL;10004;NAmes;1Fam;6;6;1964;1964;Gable;1516;TA;Y;1516;6;2;2009;167000
RM;10320;IDOTRR;1Fam;6;7;1906;1995;Gable;756;Ex;Y;1469;7;1;2008;135000
RM;6000;OldTown;1Fam;4;7;1954;2000;Gable;901;Ex;Y;901;4;1;2008;107900
RM;3072;Blmngtn;TwnhsE;7;5;2004;2004;Hip;1375;Ex;Y;1414;6;2;2006;178740
RL;13500;ClearCr;1Fam;6;7;1960;1975;Flat;1602;Gd;Y;1252;4;2;2008;235000
RL;10400;CollgCr;1Fam;7;5;1998;1998;Gable;866;Ex;Y;1779;6;2;2009;197900
RL;4043;NPkVill;TwnhsE;6;5;1977;1977;Gable;1069;TA;Y;1069;4;2;2010;127500
RL;10603;NWAmes;1Fam;6;7;1977;2001;Gable;1610;Gd;Y;1610;6;2;2010;205000
RL;15256;Somerst;1Fam;8;5;2007;2007;Gable;1485;Ex;Y;1464;6;3;2007;282922
RM;9600;OldTown;1Fam;6;5;1917;1950;Gable;735;Fa;N;2058;8;2;2008;129500
RL;7175;SawyerW;TwnhsE;6;5;1984;1984;Gable;744;TA;Y;752;4;1;2010;125000
RM;13710;IDOTRR;1Fam;5;5;1950;1950;Gable;910;TA;Y;1558;6;1;2007;152000
C (all);8500;IDOTRR;1Fam;4;4;1920;1950;Gambrel;649;TA;N;1317;6;1;2008;40000
RL;9236;CollgCr;1Fam;6;5;1997;1997;Gable;1479;Ex;Y;1494;6;2;2006;217000
RL;7804;SWISU;1Fam;4;3;1928;1950;Gable;1122;TA;Y;1981;7;2;2009;135000
RL;9937;Edwards;1Fam;5;7;1964;1999;Hip;1486;Ex;Y;1486;7;2;2009;167000
RL;8172;Edwards;1Fam;5;7;1955;1990;Hip;864;TA;Y;864;5;2;2006;115000
RL;14762;Gilbert;1Fam;5;6;1948;1950;Gable;0;Gd;Y;2320;7;2;2006;169000
RL;9920;NoRidge;1Fam;7;5;1996;1997;Gable;1117;Ex;Y;2013;8;2;2007;269790
RL;8730;BrkSide;1Fam;6;7;1915;2003;Gable;698;Ex;Y;1396;7;1;2007;153575
RL;9317;CollgCr;1Fam;6;5;2006;2006;Gable;1314;Gd;Y;1314;6;2;2007;176432
RL;7153;SawyerW;1Fam;6;5;1991;1991;Gable;1278;Gd;Y;1294;6;2;2008;179200
RM;9439;OldTown;1Fam;5;5;1930;1950;Gable;912;Gd;Y;1248;6;1;2007;87000
RM;4426;CollgCr;TwnhsE;6;5;2004;2004;Gable;848;Ex;Y;848;3;2;2010;143000
RL;13125;CollgCr;1Fam;6;5;1997;1998;Gable;1478;Ex;Y;1493;7;2;2008;208900
RM;5100;OldTown;1Fam;8;7;1925;1996;Hip;588;Fa;Y;1666;7;1;2008;161000
RL;27650;NAmes;1Fam;7;7;1960;2007;Flat;585;Ex;Y;2069;9;2;2008;242000
FV;4017;Somerst;TwnhsE;7;5;2006;2007;Gable;625;Ex;Y;1250;5;2;2008;171900
RL;9717;NAmes;1Fam;5;6;1950;1996;Hip;1078;Gd;Y;1078;5;1;2010;142125
RL;8731;BrkSide;1Fam;5;5;1920;1950;Gable;915;TA;Y;1167;6;2;2007;144000
RL;15384;Gilbert;1Fam;7;5;2004;2005;Gable;788;Ex;Y;1490;8;2;2008;184000
RL;7134;NAmes;1Fam;5;5;1955;1955;Gable;384;TA;Y;1360;6;2;2007;130000
RL;12118;Mitchel;1Fam;7;5;2004;2005;Hip;1710;Ex;Y;1710;7;2;2009;240000
RL;7313;NridgHt;TwnhsE;9;5;2005;2005;Hip;1561;Ex;Y;1561;6;2;2007;277500
RL;8400;SWISU;1Fam;2;5;1920;1950;Gable;290;TA;N;438;3;1;2009;60000
RL;5001;NridgHt;Twnhs;7;5;2007;2008;Gable;1314;Ex;Y;1314;6;2;2009;230000
RL;10382;NWAmes;1Fam;7;6;1973;1973;Gable;1107;Ex;Y;2090;7;2;2009;200000
RH;7082;SWISU;2fmCon;5;8;1916;1995;Gable;686;Gd;Y;1928;10;0;2006;160000
RM;4608;OldTown;1Fam;4;6;1945;1950;Gable;747;TA;Y;747;4;1;2010;80000
RL;11457;Timber;1Fam;6;5;1988;1988;Gable;1392;TA;Y;1412;6;2;2009;175000
RL;7226;CollgCr;1Fam;7;5;2003;2003;Gable;798;Ex;Y;1640;6;2;2008;183000
RL;17755;Edwards;1Fam;5;4;1959;1959;Gable;1466;TA;Y;1466;6;2;2006;149900
RL;10800;NWAmes;1Fam;6;7;1974;1997;Gable;1522;TA;Y;2614;9;2;2008;240000
RL;10200;NAmes;1Fam;5;7;1954;2003;Gable;1086;Gd;Y;1086;6;2;2010;144900
RL;9100;CollgCr;1Fam;7;5;2001;2001;Gable;1212;Ex;Y;1212;6;2;2009;178000
RL;9017;CollgCr;1Fam;7;5;1999;1999;Gable;1431;Ex;Y;1431;6;2;2009;192000
RL;10852;Gilbert;1Fam;6;5;2000;2000;Gable;959;Ex;Y;1671;7;2;2006;173000
RL;8925;Timber;1Fam;8;5;2007;2007;Gable;1466;Ex;Y;1466;7;3;2009;201000
RL;26178;Timber;1Fam;7;5;1989;1990;Hip;1210;Ex;Y;2519;9;2;2006;335000
RL;9600;NAmes;1Fam;5;7;1950;2007;Gable;1113;Gd;Y;1113;5;1;2009;147000
RL;10628;NAmes;1Fam;7;5;1970;1970;Flat;1277;TA;Y;1277;5;2;2007;167000
RM;6120;BrkSide;1Fam;5;7;1931;1993;Gable;715;TA;Y;875;5;1;2009;105000
RL;12898;Timber;1Fam;9;5;2007;2008;Hip;1620;Ex;Y;1620;6;3;2009;315500
RM;1526;MeadowV;Twnhs;4;8;1970;2002;Gable;630;TA;Y;630;3;1;2009;86000
RL;10655;NridgHt;1Fam;8;5;2003;2004;Gable;3206;Ex;Y;1629;7;3;2009;284000
RL;7056;NAmes;1Fam;6;5;1963;1963;Hip;780;TA;Y;1796;8;2;2008;140000
RL;10380;SawyerW;1Fam;7;5;1986;1987;Gable;1502;Ex;Y;2730;8;2;2007;301000
RL;9591;NridgHt;1Fam;8;5;2004;2005;Hip;1713;Ex;Y;1713;7;3;2009;274900
RL;15863;SWISU;1Fam;7;3;1920;1970;Gable;824;Ex;Y;3082;12;2;2009;197000
RL;11423;CollgCr;1Fam;8;5;2001;2002;Gable;1581;Ex;Y;1601;6;2;2010;272000
RL;8480;Sawyer;1Fam;5;6;1963;1963;Hip;970;TA;Y;970;5;2;2007;132500
RL;11988;NAmes;1Fam;6;6;1957;1957;Gable;1244;Ex;Y;1244;6;1;2007;150000
RL;8450;SawyerW;1Fam;7;5;2000;2001;Gable;1349;Ex;Y;1349;6;2;2007;179000
RL;7892;SawyerW;TwnhsE;6;5;1993;1993;Gable;1199;Ex;Y;1199;5;2;2008;153900
RL;11838;CollgCr;1Fam;8;5;2001;2001;Hip;1753;Ex;Y;1788;7;2;2009;236500
RM;5820;OldTown;1Fam;3;8;1955;2005;Gable;1162;Ex;Y;1163;6;1;2006;126175
RL;8280;NAmes;1Fam;6;5;1950;1950;Gable;932;Ex;Y;932;4;1;2007;124000
RM;1596;MeadowV;Twnhs;4;5;1973;1973;Gable;462;TA;Y;988;5;1;2009;91000
RM;2665;MeadowV;TwnhsE;5;6;1977;1977;Gable;757;Ex;Y;1475;6;1;2006;127000
RM;1920;BrDale;TwnhsE;5;5;1971;1971;Gable;765;Ex;Y;1365;6;2;2007;122500
RL;9200;NAmes;1Fam;6;6;1965;1965;Gable;1136;TA;Y;1136;5;1;2008;140000
RL;10012;Edwards;1Fam;4;5;1972;1972;Gable;1138;TA;Y;1181;6;2;2008;137500
RL;14598;Somerst;1Fam;6;5;2007;2007;Gable;894;Ex;Y;1933;9;3;2008;214000
RL;11664;NAmes;1Fam;6;5;1948;1950;Gable;1082;TA;Y;1082;5;1;2007;119200
RL;11000;NoRidge;1Fam;8;5;2000;2000;Gable;969;Ex;Y;2285;8;3;2007;248000
RL;7180;CollgCr;1Fam;5;7;1972;1972;Hip;864;TA;Y;864;5;1;2008;127000
RL;8250;NAmes;1Fam;6;7;1964;1964;Hip;1092;Ex;Y;1092;6;2;2008;145000
RL;12000;Crawfor;1Fam;7;7;1941;1950;Gable;704;Ex;Y;1564;7;1;2009;174500
RL;11308;NridgHt;1Fam;9;5;2008;2008;Gable;1104;Ex;Y;2184;10;3;2009;335000
RM;5890;IDOTRR;1Fam;6;8;1930;2007;Gable;816;Ex;Y;816;5;1;2008;120500
RL;4920;StoneBr;TwnhsE;8;5;2001;2001;Gable;1338;Ex;Y;1338;6;2;2010;213500
RL;9600;NAmes;1Fam;5;7;1949;2003;Gable;845;TA;Y;893;4;2;2007;135000
RL;32463;Mitchel;2fmCon;4;4;1961;1975;Gable;1249;Ex;Y;1622;7;4;2007;168000
RM;10800;OldTown;2fmCon;6;7;1905;2000;Gable;482;Ex;N;1912;7;2;2008;163000
RM;2016;BrDale;TwnhsE;5;5;1970;1970;Gable;630;TA;Y;1302;6;2;2007;106000
RL;9873;BrkSide;2fmCon;4;5;1970;1970;Gable;960;TA;N;960;6;2;2006;129000
RM;18386;OldTown;1Fam;7;9;1880;2002;Gable;1470;Ex;Y;3493;10;3;2008;295000
RL;9020;NAmes;1Fam;6;7;1966;1966;Gable;1127;TA;Y;1165;6;2;2008;174900
RL;8366;SawyerW;1Fam;6;5;2004;2004;Gable;798;Ex;Y;1640;6;2;2008;173000
RM;9600;OldTown;1Fam;5;8;1925;1994;Gambrel;702;Gd;Y;1472;6;1;2007;125000
RL;10800;OldTown;1Fam;5;8;1936;1989;Gable;796;Gd;Y;1466;7;2;2006;170000
RL;3182;Blmngtn;TwnhsE;7;5;2005;2006;Gable;1373;Ex;Y;1555;7;2;2009;192500
RL;8000;Gilbert;1Fam;6;5;1995;1996;Gable;773;Gd;Y;1658;8;2;2008;188000
RL;11414;BrkSide;1Fam;7;8;1910;1993;Gable;728;TA;N;2019;8;2;2009;167500
RL;8688;Somerst;1Fam;7;5;2005;2005;Gable;1616;Ex;Y;1616;7;3;2006;232000
RL;9313;CollgCr;1Fam;7;5;2004;2004;Gable;864;Ex;Y;1728;7;2;2009;190000
FV;5105;Somerst;TwnhsE;7;5;2004;2004;Gable;551;Ex;Y;1102;4;2;2007;148800
FV;8125;Somerst;1Fam;7;6;2007;2007;Gable;813;Ex;Y;1665;7;2;2008;205950
RL;7200;NAmes;1Fam;4;5;1950;1950;Gable;0;TA;Y;1040;4;2;2006;109900
RL;21930;Gilbert;1Fam;5;5;2005;2005;Gable;732;Ex;Y;1838;7;2;2006;192140
RL;11029;NAmes;1Fam;6;8;1958;2002;Hip;1184;Ex;Y;1414;6;2;2008;176500
RL;9900;SWISU;1Fam;6;7;1940;1950;Gable;778;TA;Y;1489;7;1;2009;139500
RL;9825;Edwards;Duplex;5;5;1965;1965;Hip;0;TA;N;1664;8;0;2010;100000
RL;7681;Crawfor;1Fam;5;6;1921;1950;Gable;731;Ex;Y;1343;7;1;2009;154900
RM;9900;OldTown;1Fam;6;4;1880;1950;Gable;1008;TA;Y;2210;8;1;2007;117500
RL;10637;CollgCr;1Fam;8;5;2007;2008;Hip;1705;Ex;Y;1718;7;3;2009;297000
RL;6563;StoneBr;1Fam;8;5;1985;1985;Gable;1742;TA;Y;1742;5;2;2006;275000
RL;9100;CollgCr;1Fam;7;5;2004;2005;Hip;1860;Ex;Y;1836;8;2;2006;216837
RL;7585;Edwards;1Fam;5;3;1948;1950;Gable;810;Fa;Y;1456;7;1;2006;91500
RL;9560;CollgCr;1Fam;5;7;1972;1972;Hip;864;Ex;Y;864;5;1;2006;128500
RL;8544;NAmes;Duplex;3;4;1949;1950;Gable;0;Fa;N;1040;6;2;2006;87500
RL;9600;NAmes;1Fam;6;6;1955;1972;Gable;1156;Ex;Y;1520;7;1;2010;153000
RL;7200;NAmes;1Fam;5;7;1955;2007;Gable;0;Ex;Y;827;5;1;2010;107500
RL;17120;ClearCr;1Fam;4;4;1959;1959;Gable;0;TA;Y;1588;7;2;2008;134432
RL;7535;NAmes;1Fam;5;7;1958;1985;Gable;912;Fa;Y;912;5;1;2007;120000
RL;13568;CollgCr;1Fam;5;5;1995;1995;Gable;990;Ex;Y;990;5;2;2006;156000
RM;6120;BrkSide;1Fam;4;7;1935;1995;Gable;884;Ex;Y;1573;6;1;2009;133000
RL;11952;NWAmes;1Fam;7;6;1977;1977;Mansard;808;TA;Y;1969;8;2;2007;190000
RM;13600;OldTown;2fmCon;5;5;1900;1950;Gable;662;TA;N;2337;10;2;2007;90000
RM;6000;BrkSide;1Fam;4;6;1936;1950;Gable;672;TA;Y;1324;6;1;2009;128000
RL;8877;Edwards;1Fam;4;6;1938;1958;Gable;816;Ex;Y;816;3;1;2009;100000
RL;11957;Somerst;1Fam;8;5;2006;2006;Gable;1574;Ex;Y;1574;7;3;2008;232000
RL;11900;NAmes;1Fam;6;5;1957;1957;Gable;1392;TA;Y;1392;6;2;2008;166000
RM;4118;OldTown;1Fam;4;4;1941;1950;Gable;693;Fa;N;693;4;0;2006;52500
RL;14112;NAmes;1Fam;5;7;1964;1964;Hip;1152;TA;Y;1152;6;2;2010;180500
RL;10778;Sawyer;Duplex;4;5;1968;1968;Hip;1768;TA;N;1768;8;0;2010;136500
RL;11923;CollgCr;1Fam;9;5;2007;2007;Gable;1800;Ex;Y;1800;7;2;2009;239000
RL;22420;Crawfor;1Fam;6;6;1918;1950;Hip;1370;TA;N;2624;10;3;2007;239000
RL;9600;NAmes;1Fam;5;6;1956;1956;Hip;1050;Gd;Y;1050;5;1;2009;128900
RL;10721;NAmes;1Fam;6;6;1959;1959;Hip;1252;Ex;Y;1252;7;2;2008;142000
RM;8800;OldTown;1Fam;4;7;1910;2004;Gable;576;Gd;Y;1140;7;0;2010;96500
RL;6993;Sawyer;1Fam;5;7;1961;1994;Gable;912;TA;Y;1236;6;1;2006;135000
RL;11846;NridgHt;1Fam;9;5;2003;2004;Hip;1792;Ex;Y;1792;6;3;2006;374000
RM;4500;Mitchel;TwnhsE;6;5;1999;1999;Hip;1224;Ex;Y;1224;5;2;2009;165000
RL;8556;CollgCr;1Fam;7;5;2006;2006;Gable;1240;Ex;Y;1240;5;3;2007;194000
RL;7861;Gilbert;1Fam;6;5;2002;2003;Gable;783;Ex;Y;1509;7;2;2006;183200
RL;10592;Crawfor;1Fam;6;7;1923;1996;Hip;602;TA;Y;1502;7;1;2007;165000
RL;10634;NAmes;1Fam;5;6;1953;1953;Gable;608;TA;Y;1319;5;1;2009;123000
RL;8923;NAmes;1Fam;5;7;1953;2006;Gable;1008;Gd;Y;1008;6;1;2007;134500
RL;115149;ClearCr;1Fam;7;5;1971;2002;Gable;1643;TA;Y;1824;5;2;2007;302000
RL;13695;SawyerW;1Fam;5;5;2004;2004;Gable;1114;Ex;Y;1114;6;2;2008;159000
RL;13600;NAmes;1Fam;7;6;1965;1990;Gable;768;TA;Y;1986;7;2;2009;205000
RH;9000;SawyerW;1Fam;6;3;1928;1950;Gable;784;TA;N;784;5;2;2009;76000
RM;1680;BrDale;Twnhs;6;5;1973;1973;Gable;483;TA;Y;987;5;1;2008;100000
RL;8414;Sawyer;1Fam;6;8;1963;2003;Hip;1059;TA;Y;1068;6;1;2006;154500
RM;2500;OldTown;1Fam;7;8;1915;2005;Gable;910;Ex;Y;1826;7;1;2009;155000
RL;12122;NAmes;1Fam;7;9;1961;2007;Gable;944;Gd;Y;999;6;2;2008;178400
RL;9350;NAmes;1Fam;5;8;1965;1999;Gable;1219;Gd;Y;1265;6;2;2008;179900
RL;10140;NWAmes;1Fam;6;6;1974;1999;Hip;1040;Fa;Y;1309;5;2;2006;181000
RL;8880;SawyerW;1Fam;7;5;1994;2002;Gable;948;Ex;Y;2110;8;2;2010;205000
RL;13758;Timber;1Fam;7;5;1990;1991;Gable;1156;Ex;Y;1717;7;2;2007;187500
RL;10000;CollgCr;1Fam;8;5;1995;1996;Gable;1220;Ex;Y;2090;8;2;2007;240000
RM;1936;MeadowV;Twnhs;4;6;1970;1970;Gable;630;Gd;Y;630;3;0;2007;84500
RL;9000;NAmes;1Fam;4;6;1971;1971;Gable;864;TA;Y;864;5;2;2007;120500
RM;1953;BrDale;Twnhs;6;5;1973;1973;Gable;483;TA;Y;987;5;1;2006;83000
RL;7200;SWISU;1Fam;7;9;1936;2007;Gable;560;Ex;Y;1135;6;2;2009;155000
RL;10927;NridgHt;1Fam;8;5;2005;2005;Gable;1058;Ex;Y;1904;8;2;2006;275000
RL;3635;Blmngtn;TwnhsE;7;5;2007;2007;Hip;1386;Ex;Y;1569;7;3;2009;175900
RL;14230;NridgHt;1Fam;8;5;2007;2007;Gable;1566;Ex;Y;1600;7;3;2009;256300
RM;8235;OldTown;1Fam;5;7;1955;1995;Gable;825;TA;Y;825;4;2;2008;125000
RM;10800;OldTown;1Fam;4;7;1885;1995;Mansard;641;Gd;Y;1047;6;1;2007;100000
RL;5000;BrkSide;1Fam;1;3;1946;1950;Gable;0;Fa;N;334;2;0;2007;39300
RL;21750;Mitchel;1Fam;5;5;1954;1954;Hip;988;Ex;Y;988;4;2;2008;113000
RL;12677;NridgHt;TwnhsE;8;5;2003;2004;Hip;1518;Ex;Y;1518;6;2;2008;274000
RL;11194;Gilbert;1Fam;8;5;2000;2000;Gable;1406;Ex;Y;1936;7;2;2006;230500
RL;9400;Mitchel;Duplex;6;5;1971;1971;Mansard;912;TA;Y;1824;8;0;2010;139000
RL;9245;CollgCr;1Fam;5;5;1994;1995;Gable;990;Ex;Y;990;5;2;2008;145000
RL;10395;NWAmes;1Fam;6;6;1978;1978;Gable;1032;TA;Y;1032;6;2;2007;148000
RL;14175;Sawyer;1Fam;5;6;1956;1987;Gable;1188;Gd;Y;1437;6;2;2006;168000
RL;6171;SWISU;1Fam;6;6;1925;1990;Gable;976;Ex;Y;1608;7;1;2009;137450
RL;8445;CollgCr;1Fam;5;7;1972;2007;Gable;768;TA;Y;768;5;2;2009;133000
RL;16157;Veenker;1Fam;5;7;1978;1978;Gable;1360;Ex;Y;1432;5;2;2007;194000
RL;7500;Gilbert;1Fam;7;5;1999;1999;Gable;994;Gd;Y;1804;7;2;2010;189000
RL;13175;NWAmes;1Fam;6;6;1978;1988;Gable;1542;TA;Y;2073;7;2;2010;210000
RL;7930;NAmes;1Fam;6;8;1969;2005;Gable;1026;Gd;Y;1026;5;2;2009;156000
RM;7200;OldTown;1Fam;7;7;1920;1950;Hip;596;Ex;Y;1762;8;2;2006;157000
RL;7851;Gilbert;1Fam;6;5;2002;2002;Gable;860;Ex;Y;1960;8;2;2010;216500
RL;7943;Sawyer;1Fam;4;5;1961;1961;Gable;1029;Gd;Y;1029;5;1;2007;118500
RL;7800;Edwards;1Fam;5;8;1948;2002;Gable;896;Ex;Y;2008;8;1;2006;225000
RL;16466;Edwards;1Fam;5;7;1955;1955;Gable;816;TA;Y;1393;8;1;2008;135500
RM;4435;CollgCr;TwnhsE;6;5;2003;2003;Gable;848;Ex;Y;848;4;2;2009;140000
RM;4426;CollgCr;TwnhsE;6;5;2004;2004;Gable;848;Ex;Y;848;3;2;2008;141000
RM;8930;Sawyer;Duplex;6;5;1978;1978;Gable;0;TA;Y;1902;8;2;2010;112000
RM;4435;CollgCr;TwnhsE;6;5;2003;2004;Gable;848;Ex;Y;848;4;2;2009;144000
RL;10530;NAmes;1Fam;6;5;1971;1971;Hip;981;TA;Y;981;5;2;2007;143250
RL;9100;NAmes;1Fam;6;6;1959;1959;Hip;864;Ex;Y;864;5;1;2009;127500
RL;8800;CollgCr;1Fam;5;7;1977;2008;Gable;1040;TA;Y;1040;5;2;2009;150500
FV;12552;Somerst;1Fam;7;5;2004;2005;Gable;991;Ex;Y;1947;8;2;2010;254900
RL;12400;NAmes;1Fam;6;7;1958;1998;Hip;1215;TA;Y;1215;6;1;2009;155000
RL;21384;BrkSide;1Fam;5;6;1923;2004;Gable;1324;Ex;Y;1576;6;2;2009;223500
RL;11700;NWAmes;1Fam;6;6;1968;1968;Gable;708;Gd;Y;1416;7;2;2006;179900
RL;13837;NWAmes;1Fam;7;5;1988;1988;Gable;1204;Gd;Y;2183;9;3;2006;229000
RL;11000;NAmes;1Fam;5;6;1966;1966;Gable;1154;Ex;Y;1154;6;2;2009;154000
RL;13101;NAmes;Duplex;5;5;1965;1965;Gable;1728;TA;Y;1728;10;2;2008;142600
RL;10624;NAmes;Duplex;5;4;1964;1964;Gable;1728;TA;Y;1728;10;1;2007;119000
RL;9600;Veenker;1Fam;6;7;1976;1994;Hip;528;Ex;Y;1855;7;2;2007;187000
RL;8314;Mitchel;1Fam;5;7;1982;1982;Gable;816;TA;Y;816;5;1;2007;124500
RL;13450;CollgCr;1Fam;7;5;2002;2002;Gable;916;Ex;Y;1861;8;2;2006;200000
RM;12702;OldTown;1Fam;5;5;1956;1956;Gable;0;Gd;Y;882;4;1;2008;97000
RL;8777;Edwards;1Fam;4;5;1949;2003;Gable;0;Ex;Y;1126;5;2;2009;108000
RL;11249;CollgCr;1Fam;6;5;1995;1995;Gable;1200;Ex;Y;1200;6;2;2007;177500
RL;20781;NWAmes;1Fam;7;7;1968;2003;Hip;1568;TA;Y;2156;9;2;2006;262500
RL;8400;SWISU;1Fam;5;8;1939;1997;Gable;720;Ex;Y;2192;8;1;2008;179500
RL;9066;CollgCr;1Fam;8;5;1999;2000;Gable;1004;Ex;Y;1852;7;3;2008;230000
RL;8462;SawyerW;1Fam;6;5;1994;1994;Gable;928;Ex;Y;1721;7;2;2007;201000
RL;9248;Gilbert;1Fam;6;6;1992;1992;Gable;1158;Gd;Y;1167;6;2;2009;173000
RL;6853;Timber;1Fam;8;5;2001;2002;Gable;1267;Ex;Y;1296;6;2;2009;220000
RL;8176;NAmes;1Fam;5;6;1958;1992;Gable;1056;Fa;Y;1056;6;1;2007;139000
RL;13474;SawyerW;1Fam;7;5;1990;1991;Gable;700;Gd;Y;2243;8;3;2007;225000
RM;3600;OldTown;1Fam;6;7;1910;1993;Gable;684;Ex;N;1368;7;1;2006;114504
RL;11700;NWAmes;1Fam;6;6;1968;1968;Gable;727;Ex;Y;1556;8;2;2009;154000
RL;10205;NAmes;1Fam;5;5;1962;1962;Gable;925;TA;Y;999;6;1;2006;134500
RL;9135;CollgCr;1Fam;6;5;2003;2003;Gable;1682;Ex;Y;1700;7;2;2006;200000
RL;13173;NridgHt;1Fam;9;5;2006;2007;Hip;1652;Ex;Y;1652;6;2;2009;325000
FV;7500;Somerst;1Fam;7;5;2005;2005;Gable;1257;Ex;Y;1266;6;2;2006;176000
RL;7200;CollgCr;1Fam;5;5;1972;1972;Hip;894;TA;Y;894;6;2;2009;123000
RL;8475;NAmes;1Fam;4;7;1956;1956;Gable;952;Ex;Y;952;4;1;2008;135750
RL;8738;Gilbert;1Fam;7;5;1999;1999;Gable;975;Ex;Y;2291;8;2;2006;230000
RL;7200;NAmes;1Fam;5;5;1950;1950;Hip;0;Gd;Y;1048;7;2;2008;98300
RL;8400;NAmes;1Fam;5;6;1957;1957;Gable;1314;TA;Y;1314;5;1;2010;145000
RL;9320;NAmes;1Fam;4;5;1959;1959;Gable;950;Fa;Y;1225;6;0;2010;128950
RM;1890;MeadowV;Twnhs;4;7;1972;1972;Gable;630;Gd;Y;630;3;0;2008;81000
RL;25339;Sawyer;1Fam;5;7;1918;2007;Gable;816;Ex;Y;1416;7;2;2007;112000
RL;8471;Sawyer;1Fam;6;7;1977;1995;Gable;506;TA;Y;1212;6;2;2006;151000
RL;9842;NAmes;Duplex;4;5;1962;1962;Gable;0;TA;Y;1224;6;2;2007;101800
RM;2665;MeadowV;TwnhsE;5;6;1976;1976;Gable;264;TA;Y;1304;4;1;2008;115000
RL;11345;NAmes;Duplex;5;5;1948;1950;Gable;928;Gd;Y;1920;10;2;2007;137000
RL;5362;Crawfor;1Fam;5;6;1910;2003;Gable;661;Ex;Y;1250;8;2;2007;139000
RL;9549;Veenker;TwnhsE;8;5;1995;1996;Hip;1494;Ex;Y;1494;6;2;2006;270000
RL;10120;NoRidge;1Fam;8;5;1994;1994;Hip;1165;Ex;Y;2526;8;3;2006;290000
RL;25286;Mitchel;1Fam;4;5;1963;1963;Gable;1064;Gd;Y;1040;5;2;2007;132250
RL;7875;Gilbert;1Fam;7;5;1995;1996;Gable;1237;Gd;Y;1253;6;2;2007;176000
RL;13651;NAmes;1Fam;7;6;1973;1973;Gable;2223;Ex;Y;2223;8;2;2007;244000
RM;4224;MeadowV;TwnhsE;5;7;1976;1976;Gable;1040;TA;Y;1060;6;2;2007;129900
RM;5436;IDOTRR;1Fam;4;8;1922;2007;Gable;796;Gd;Y;1154;7;1;2010;125500
RL;13360;Crawfor;1Fam;5;7;1921;2006;Gable;876;Ex;Y;964;5;2;2009;163500
RL;16033;NridgHt;1Fam;9;5;2004;2005;Hip;1833;Ex;Y;1850;8;3;2006;326000
RL;11287;SawyerW;1Fam;7;6;1989;1989;Gable;807;Gd;Y;1982;7;2;2007;228500
RL;17542;Veenker;1Fam;7;7;1974;2003;Gable;1192;TA;Y;2167;9;2;2007;294000
RL;8212;Edwards;1Fam;3;3;1914;1950;Gable;864;TA;N;864;5;1;2010;58500
RL;11120;Veenker;1Fam;6;6;1984;1984;Gable;1232;TA;Y;1232;6;2;2008;162500
RL;9000;Sawyer;1Fam;5;3;1959;1959;Gable;1006;TA;Y;1006;5;0;2008;80000
RL;8121;Gilbert;1Fam;6;5;2000;2000;Gable;953;Ex;Y;1664;7;2;2006;172400
RM;7758;IDOTRR;1Fam;7;4;1931;1950;Gable;1040;Ex;Y;1818;7;1;2007;169500
RM;8520;OldTown;1Fam;5;6;1923;2006;Gable;968;TA;Y;968;5;2;2007;100000
RL;6204;SWISU;1Fam;4;5;1912;1950;Gable;795;TA;N;2230;10;1;2006;118500
RH;6270;Crawfor;Duplex;5;6;1949;1950;Gable;1001;TA;N;2002;8;3;2007;145000
RL;6951;Mitchel;1Fam;5;5;1984;1985;Gable;876;TA;Y;923;5;1;2008;119500
RL;45600;ClearCr;1Fam;6;8;1908;1997;Gable;907;TA;Y;2358;10;2;2008;240000
RL;10769;CollgCr;1Fam;8;5;2007;2007;Gable;866;Ex;Y;1768;7;2;2009;212000
RL;13501;Somerst;1Fam;8;5;2006;2006;Gable;1623;Ex;Y;1636;8;3;2007;255000
RL;10625;NridgHt;1Fam;7;5;2003;2004;Gable;998;Ex;Y;2046;8;3;2008;284000
RL;9196;Mitchel;1Fam;7;5;2003;2003;Gable;1560;Ex;Y;1560;7;2;2010;201000
RL;9042;Gilbert;1Fam;6;5;1998;1998;Gable;943;Gd;Y;1638;7;2;2008;192000
RL;14364;SawyerW;1Fam;7;5;1988;1989;Gable;1157;Ex;Y;2062;7;2;2007;277000
RL;10400;NWAmes;1Fam;7;6;1970;1970;Hip;1304;Gd;Y;1682;7;2;2008;174000
RL;8935;CollgCr;1Fam;7;5;2002;2002;Gable;831;Ex;Y;1660;7;2;2009;195000
RL;9500;NAmes;1Fam;6;6;1964;1978;Gable;816;TA;Y;1977;9;2;2007;165000
RL;6600;Mitchel;1Fam;5;9;1982;2008;Gable;816;Ex;Y;816;5;1;2008;130500
FV;3230;Somerst;TwnhsE;6;5;1999;1999;Gable;729;Gd;Y;1458;5;2;2007;176000
RL;10762;SawyerW;TwnhsE;6;6;1980;1980;Gable;626;TA;Y;1217;6;1;2009;120000
RL;12461;NoRidge;1Fam;8;5;1994;1995;Gable;1624;Ex;Y;1624;5;3;2006;262000
RL;4671;StoneBr;TwnhsE;8;5;1988;1989;Gable;1228;Gd;Y;1228;5;2;2008;189000
RL;10998;Edwards;1Fam;5;5;1941;1960;Gable;984;Ex;Y;1604;6;2;2009;117000
RM;6155;BrkSide;1Fam;6;8;1920;1999;Gable;611;Ex;Y;1362;6;2;2008;128000
RL;11409;Edwards;1Fam;5;4;1949;2008;Gable;768;Gd;Y;1716;8;1;2009;131000
RL;8777;Edwards;Duplex;5;7;1900;2003;Gable;1272;Gd;Y;2200;9;0;2008;145900
RM;12150;OldTown;1Fam;5;5;1954;1954;Gable;1050;Ex;N;1795;7;1;2008;131500
RL;12376;SawyerW;1Fam;7;5;1990;1990;Hip;1673;Gd;Y;3222;11;3;2010;320000
RL;7700;NAmes;1Fam;6;5;1966;1966;Gable;756;TA;Y;1839;7;2;2010;155000
RL;16635;NWAmes;1Fam;6;7;1977;2000;Gable;1602;Gd;Y;1602;8;2;2009;215000
RL;11782;Sawyer;1Fam;5;7;1961;1995;Gable;1109;TA;Y;1155;6;2;2010;148000
RL;6292;SWISU;1Fam;6;5;1930;1950;Gable;768;TA;N;790;4;1;2008;91000
RL;10944;NoRidge;1Fam;7;5;1994;1994;Gable;1223;Ex;Y;2127;5;2;2008;271000
RL;21453;ClearCr;1Fam;6;5;1969;1969;Flat;938;Ex;Y;988;4;2;2006;180000
RL;12227;NWAmes;1Fam;6;7;1977;1995;Gable;1330;TA;Y;2872;11;2;2008;272000
RL;7200;NAmes;1Fam;5;7;1950;1950;Hip;0;TA;Y;1040;5;2;2006;109500
RL;14303;NoRidge;1Fam;8;5;1994;1994;Hip;1986;Ex;Y;1987;7;2;2008;301500
RL;8200;CollgCr;1Fam;7;5;2003;2004;Gable;847;Ex;Y;1928;8;2;2007;219500
RL;19900;NAmes;1Fam;7;5;1970;1989;Gable;1947;TA;Y;2207;7;2;2010;180000
RL;7590;NAmes;1Fam;6;5;1966;1966;Gable;660;TA;Y;1348;6;2;2006;155000
RL;13006;Gilbert;1Fam;7;5;1997;1997;Gable;964;Gd;Y;2236;8;2;2006;222000
FV;2544;Somerst;Twnhs;7;5;2005;2005;Gable;600;Ex;Y;1223;4;2;2006;147400
RL;11310;NAmes;1Fam;6;5;1954;1954;Hip;1367;Ex;Y;1375;5;2;2006;140000
RL;11999;NridgHt;1Fam;8;5;2003;2004;Hip;1181;Ex;Y;2374;10;3;2007;285000
RL;9828;SawyerW;1Fam;8;5;1995;1995;Gable;1128;Ex;Y;2020;8;2;2009;239500
RL;11362;NridgHt;1Fam;8;5;2004;2005;Gable;1836;Ex;Y;1836;7;3;2009;280000
RM;3964;MeadowV;TwnhsE;6;4;1973;1973;Gable;942;Gd;Y;2521;10;2;2006;151400
RL;8544;NAmes;Duplex;3;4;1950;1950;Gable;0;Fa;N;1040;6;2;2009;92900
RL;7577;NridgHt;TwnhsE;6;5;2005;2006;Gable;1362;Ex;Y;1362;6;2;2007;194700
RL;9060;Edwards;1Fam;5;6;1957;2006;Hip;0;Ex;Y;1340;7;1;2007;120000
RM;6000;OldTown;2fmCon;5;4;1954;1954;Gable;811;TA;Y;1387;7;1;2009;93000
RL;8400;SWISU;1Fam;6;5;1940;2000;Gable;940;Ex;Y;1595;6;1;2006;140000
RL;8049;Timber;1Fam;7;5;1990;1990;Hip;1309;TA;Y;1339;6;2;2006;180000
RM;6324;BrkSide;1Fam;4;6;1927;1950;Gable;520;Fa;N;520;4;1;2008;68500
RL;21872;Gilbert;1Fam;7;5;1996;1997;Gable;729;Ex;Y;1446;6;2;2008;175000
RM;7800;OldTown;2fmCon;5;7;1939;1950;Gable;793;TA;Y;1118;5;2;2006;119900
RL;10452;Edwards;1Fam;6;5;1953;1953;Hip;1094;Ex;Y;1094;5;2;2008;155000
RL;9340;Edwards;1Fam;4;6;1941;1950;Hip;672;TA;Y;672;4;1;2009;113000
RL;12508;Mitchel;1Fam;6;7;1940;1985;Gable;983;Ex;Y;1750;7;1;2008;160000
RL;8712;NAmes;1Fam;5;7;1957;2000;Hip;992;TA;Y;1306;5;1;2009;153000
RL;8250;Sawyer;1Fam;5;5;1968;1968;Hip;952;Ex;Y;1211;5;1;2008;134000
RL;5900;BrkSide;1Fam;4;7;1923;1958;Gable;440;TA;Y;869;4;0;2006;85500
RL;7244;Mitchel;1Fam;5;7;1970;1970;Gable;768;Ex;Y;768;5;2;2007;129500
RL;3136;NridgHt;TwnhsE;7;5;2003;2003;Gable;1405;Ex;Y;1405;6;2;2006;171750
RL;11643;NAmes;Duplex;5;5;1969;1969;Gable;1248;TA;Y;2634;12;4;2009;200000
RL;7415;Gilbert;1Fam;6;5;2004;2004;Gable;839;Ex;Y;1593;8;2;2008;193000
RL;13869;Gilbert;1Fam;6;6;1997;1997;Gable;794;Gd;Y;1470;6;2;2007;177000
RL;9492;NAmes;1Fam;5;5;1941;1950;Gable;768;TA;Y;1376;6;1;2007;105000
RL;7388;NAmes;1Fam;5;6;1959;2002;Gable;1063;Gd;Y;1327;7;2;2007;150750
RL;10400;NWAmes;1Fam;7;5;1988;1988;Gable;1845;Gd;Y;1872;6;2;2006;241500
RM;4435;CollgCr;TwnhsE;6;5;2003;2003;Gable;848;Ex;Y;848;3;2;2007;131500
RL;11478;NridgHt;1Fam;8;5;2007;2008;Gable;1704;Ex;Y;1704;7;3;2010;306000
RL;11075;Mitchel;1Fam;5;4;1969;1969;Gable;784;Ex;Y;1968;7;2;2008;172000
RL;16560;Crawfor;1Fam;6;8;1932;1950;Gable;952;TA;Y;2345;9;2;2006;239000
RM;4438;CollgCr;TwnhsE;6;5;2004;2004;Gable;848;Ex;Y;848;3;2;2008;149000
RL;10240;NridgHt;1Fam;8;5;2005;2005;Gable;1030;Gd;Y;2098;8;3;2006;275500
RL;13031;Gilbert;1Fam;6;5;1995;1996;Gable;691;Gd;Y;1498;6;2;2006;187500
RL;9900;NWAmes;1Fam;7;5;1968;1968;Gable;832;Gd;Y;1978;9;2;2008;176000
RL;13526;Sawyer;1Fam;5;6;1965;1965;Hip;935;TA;Y;935;5;1;2006;137000
RL;35133;Timber;1Fam;5;4;1963;1963;Hip;1572;Gd;Y;1572;5;3;2007;186700
RM;4435;CollgCr;TwnhsE;6;5;2004;2004;Gable;848;Ex;Y;848;3;2;2006;155900
FV;7500;Somerst;1Fam;7;5;2004;2005;Gable;1221;Ex;Y;1221;6;2;2009;185000
RL;11841;Edwards;Duplex;6;5;1990;1990;Gable;816;TA;Y;816;5;0;2007;118500
RL;5000;SWISU;1Fam;5;6;1924;1950;Gable;1026;TA;Y;1691;6;1;2010;127000
RL;9600;NAmes;1Fam;6;5;1953;1953;Hip;1416;TA;Y;1644;7;2;2009;167000
FV;10574;Somerst;1Fam;8;5;2005;2006;Gable;1082;Ex;Y;1953;9;3;2009;252000
RL;8072;CollgCr;1Fam;5;5;1994;1995;Gable;990;Ex;Y;990;5;2;2009;138000
RL;13650;Sawyer;1Fam;5;5;1958;1958;Gable;1052;Ex;Y;1920;8;2;2006;172500
RL;9591;NridgHt;1Fam;8;5;2004;2005;Gable;1143;Ex;Y;2473;9;3;2007;317000
RL;15865;NAmes;1Fam;8;6;1970;1970;Flat;2217;Ex;Y;2217;8;2;2007;268000
RM;4400;OldTown;1Fam;6;8;1920;1950;Gable;648;TA;Y;1118;6;2;2006;116000
RL;8158;CollgCr;1Fam;7;5;2003;2003;Gable;884;Ex;Y;1768;8;2;2008;224900
RL;13286;Edwards;1Fam;9;5;2007;2008;Hip;1698;Ex;Y;1698;8;3;2009;320000
RL;15523;CollgCr;1Fam;5;6;1972;1972;Gable;864;Ex;Y;864;5;1;2009;133500
RL;8123;Gilbert;1Fam;6;5;2000;2000;Gable;982;Ex;Y;1800;7;2;2009;179000
RL;7990;CollgCr;1Fam;5;6;1975;1975;Hip;924;TA;Y;924;5;1;2008;110000
RL;2289;NPkVill;Twnhs;6;6;1978;1978;Gable;855;TA;Y;1441;7;2;2009;148500
RL;10921;Edwards;1Fam;4;5;1965;1965;Hip;960;TA;Y;960;6;1;2007;94750
RL;8400;Sawyer;1Fam;6;5;1966;1966;Gable;814;Gd;Y;913;6;1;2007;129000
RL;12692;NoRidge;1Fam;8;5;1992;1993;Hip;3200;Ex;Y;3228;10;2;2007;430000
RM;5000;IDOTRR;1Fam;5;6;1941;1950;Gable;720;Po;N;803;5;2;2007;87000
RL;9084;Gilbert;1Fam;7;5;1998;1998;Hip;935;Gd;Y;1632;8;2;2006;176500
RL;7599;Mitchel;1Fam;4;6;1982;2006;Gable;845;TA;Y;845;4;2;2007;129500
RM;6000;BrkSide;1Fam;5;8;1925;1997;Gable;884;Ex;Y;1348;5;1;2009;117000
RL;10356;CollgCr;1Fam;5;6;1975;1975;Gable;969;TA;Y;969;5;2;2007;122000
RL;10780;CollgCr;1Fam;5;5;1976;1976;Gable;911;Gd;Y;954;6;2;2006;132500
RL;10171;NridgHt;1Fam;7;5;2004;2004;Gable;1517;Ex;Y;1535;7;2;2010;214000
RL;11553;Sawyer;1Fam;5;5;1968;1968;Hip;1051;TA;Y;1159;7;1;2006;158000
RM;9000;IDOTRR;1Fam;6;6;1937;1950;Gable;780;TA;Y;1375;6;1;2007;141000
RL;12936;NWAmes;1Fam;6;6;1972;1972;Gable;723;TA;Y;1395;6;2;2009;162000
RL;13688;NridgHt;1Fam;9;5;2003;2004;Gable;1572;Ex;Y;2668;10;3;2008;412500
FV;2572;Somerst;Twnhs;7;5;1999;1999;Hip;696;Ex;Y;1416;6;2;2010;155000
RL;10364;Gilbert;1Fam;6;5;1995;1996;Gable;806;Gd;Y;1572;7;2;2007;168000
RL;14963;Veenker;TwnhsE;8;5;1996;1996;Gable;1260;Ex;Y;1288;4;2;2008;245500
RL;9098;Edwards;1Fam;4;7;1920;2002;Gable;528;Ex;Y;605;5;0;2007;86000
RL;3013;Blmngtn;TwnhsE;7;5;2005;2005;Gable;1362;Ex;Y;1506;6;2;2006;213490
RM;5310;OldTown;1Fam;6;8;1910;2003;Hip;485;Gd;Y;1635;5;1;2006;117000
RL;5400;OldTown;1Fam;5;7;1954;2000;Gable;833;Ex;Y;833;4;1;2006;117000
RL;13704;CollgCr;1Fam;7;5;2001;2002;Gable;1541;Ex;Y;1541;6;3;2006;205000
RL;12416;Timber;1Fam;6;5;1986;1986;Gable;1606;TA;Y;1651;7;2;2008;184000
RM;6120;BrkSide;1Fam;5;6;1936;1950;Gable;927;TA;Y;1539;5;2;2009;141500
RL;11146;NridgHt;1Fam;8;5;2006;2006;Gable;1709;Ex;Y;1717;7;3;2009;255500
RL;7024;Edwards;1Fam;5;5;2005;2006;Gable;1090;Gd;Y;1090;5;2;2007;157000
RL;21750;Mitchel;1Fam;5;4;1960;2006;Hip;0;TA;Y;1771;9;2;2009;115000
RL;7259;Crawfor;1Fam;6;8;1945;2002;Gambrel;1028;Ex;Y;2320;9;1;2007;259500
RL;15138;NoRidge;1Fam;8;5;1995;1996;Gable;1462;Ex;Y;2794;9;3;2009;403000
RL;8400;CollgCr;1Fam;7;5;2004;2005;Gable;1473;Ex;Y;1484;7;2;2010;213000
RL;6173;Sawyer;1Fam;5;6;1967;1967;Gable;876;TA;Y;902;6;1;2007;125500
RL;7200;NAmes;1Fam;5;7;1950;1950;Gable;876;TA;Y;988;6;1;2007;119000
RL;6820;StoneBr;TwnhsE;8;5;1985;1985;Gable;1488;TA;Y;1502;4;2;2010;212000
RL;12665;Timber;1Fam;8;5;2005;2006;Hip;1094;Ex;Y;2482;9;3;2007;281213
RL;8405;Edwards;1Fam;4;3;1945;1950;Gable;0;TA;N;1529;9;1;2009;98000
RL;11883;CollgCr;1Fam;7;5;1996;1996;Hip;1504;Ex;Y;1504;6;2;2009;203000
RL;8780;Mitchel;1Fam;5;5;1985;1985;Gable;833;Ex;Y;833;5;0;2009;112000
RL;12243;NWAmes;1Fam;5;6;1971;1971;Gable;1484;Gd;Y;1484;7;2;2007;175000
RM;6000;BrkSide;1Fam;6;7;1926;2004;Gable;884;Gd;Y;904;4;1;2009;119000
RL;18890;Sawyer;Duplex;5;5;1977;1977;Shed;1361;Ex;Y;2620;12;2;2007;190000
RM;10440;OldTown;1Fam;5;8;1904;2002;Gable;650;Gd;Y;1539;8;2;2008;157500
RM;6000;BrkSide;1Fam;6;6;1939;1950;Gable;780;Ex;Y;1412;6;1;2009;132500
RL;9991;Sawyer;1Fam;4;4;1976;1993;Gable;1281;Ex;Y;1620;8;2;2009;150000
RL;4130;BrkSide;1Fam;3;6;1935;2003;Gable;270;Gd;Y;729;5;0;2008;52000
RL;11250;ClearCr;1Fam;4;5;1957;1989;Gable;1104;Ex;Y;1788;8;1;2009;161500
RL;13300;NAmes;1Fam;5;7;1956;2000;Hip;928;TA;Y;928;4;1;2007;132000
RM;4800;IDOTRR;1Fam;4;7;1916;1990;Gable;1196;Ex;Y;1196;5;2;2007;109900
RL;10434;NAmes;1Fam;4;5;1955;1955;Gable;1005;TA;Y;1005;5;2;2009;115000
RH;8900;SawyerW;1Fam;4;4;1966;1966;Gable;1056;TA;Y;1056;5;1;2006;107000
FV;2645;Somerst;Twnhs;8;5;1999;2000;Gable;776;Ex;Y;1441;5;2;2007;174000
RL;7685;Gilbert;1Fam;6;5;1993;1994;Gable;697;Gd;Y;1501;6;2;2006;165600
RM;8520;OldTown;1Fam;6;8;1928;2003;Gable;624;Gd;Y;720;5;2;2010;105900
RL;14720;NoRidge;1Fam;8;5;1995;1996;Hip;2033;Ex;Y;3238;9;3;2010;410000
RL;9500;NAmes;1Fam;6;5;1963;1963;Gable;1394;Gd;Y;1394;6;2;2009;159000
RL;8248;Edwards;1Fam;3;3;1914;1950;Gable;864;TA;N;864;5;0;2008;67000
RM;1890;BrDale;Twnhs;6;5;1973;1973;Gable;672;TA;Y;1218;7;1;2007;113000
RL;10530;Mitchel;Duplex;6;5;1977;1977;Gable;975;TA;Y;1004;4;2;2006;135000
RL;9900;NoRidge;1Fam;7;5;1993;1993;Gable;1347;Ex;Y;2646;9;3;2009;260000
RL;12984;Crawfor;1Fam;5;6;1977;1977;Gable;1430;Ex;Y;1647;7;2;2006;217500
RL;10175;NAmes;1Fam;6;5;1964;1964;Gable;1425;Gd;Y;1425;7;2;2008;180500
RL;11316;Timber;1Fam;7;5;2002;2003;Gable;817;Ex;Y;1894;8;2;2010;214900
RL;12589;Gilbert;1Fam;6;5;2005;2005;Gable;742;Ex;Y;1484;8;2;2009;174000
RM;1477;MeadowV;TwnhsE;4;4;1970;1970;Gable;630;TA;Y;630;3;1;2009;80000
RL;9503;NAmes;1Fam;5;5;1958;1983;Hip;1024;TA;Y;1344;6;1;2007;144000
RL;10226;CollgCr;1Fam;8;5;2008;2008;Gable;1622;Ex;Y;1630;8;3;2009;295493
RL;5389;StoneBr;TwnhsE;8;5;1995;1996;Gable;1595;Ex;Y;1616;5;2;2010;236500
RL;7642;Crawfor;1Fam;7;8;1918;1998;Gable;912;Gd;Y;1426;7;1;2007;189950
RL;5330;BrkSide;1Fam;4;7;1940;1950;Hip;420;Gd;Y;708;5;0;2009;82500
RL;9600;Sawyer;1Fam;4;7;1950;1995;Gable;1067;TA;Y;1067;4;2;2010;128000
RM;6240;BrkSide;1Fam;5;4;1936;1950;Gable;896;Gd;Y;1344;7;1;2006;115000
RL;16492;NAmes;1Fam;6;6;1966;2002;Gable;1517;Ex;Y;1888;6;2;2010;190000
RL;13265;Mitchel;1Fam;8;5;2002;2002;Hip;1568;Ex;Y;1689;7;3;2008;271000
RM;6000;OldTown;1Fam;5;6;1957;1957;Hip;928;Gd;Y;928;5;1;2008;112500
RL;3684;Blmngtn;TwnhsE;7;5;2007;2007;Hip;1373;Ex;Y;1555;7;3;2009;174000
RL;16321;NAmes;1Fam;5;6;1957;1997;Gable;1484;TA;Y;1600;6;1;2006;207500
RL;8120;NAmes;1Fam;4;7;1970;1970;Gable;864;Ex;Y;864;5;2;2009;124500
RL;6970;Sawyer;1Fam;4;5;1961;1961;Gable;1040;TA;Y;1120;5;2;2007;129000
RL;4060;Edwards;1Fam;5;8;1922;1950;Gable;864;Ex;Y;864;4;0;2009;99900
RM;3675;Edwards;TwnhsE;5;5;2005;2005;Gable;547;Gd;Y;1072;5;2;2006;145000
RL;12803;CollgCr;1Fam;7;5;2002;2002;Gable;1494;Ex;Y;1494;6;2;2008;221000
RL;17600;NAmes;1Fam;6;5;1960;1960;Gable;1478;Ex;Y;1478;6;2;2009;157500
RL;9819;Sawyer;1Fam;5;5;1967;1967;Gable;882;TA;Y;900;5;1;2010;122000
RM;9786;IDOTRR;1Fam;3;4;1922;1950;Hip;1007;Fa;N;1077;6;1;2006;91000
RL;11839;SawyerW;1Fam;7;5;1990;1990;Hip;1475;Ex;Y;2329;10;2;2008;262280
RL;9819;Mitchel;1Fam;6;5;1977;1977;Gable;1567;TA;Y;1567;5;2;2009;196000
RL;10900;CollgCr;1Fam;6;7;1977;1977;Gable;689;Ex;Y;1392;6;1;2010;161750
RL;9245;CollgCr;1Fam;7;5;2006;2006;Gable;939;Ex;Y;1797;8;2;2007;213500
RL;9042;Crawfor;1Fam;7;9;1941;2006;Gable;1152;Ex;Y;2340;9;1;2010;266500
RL;14850;NAmes;1Fam;5;5;1957;1957;Gable;1092;TA;Y;1092;6;1;2006;141000
RL;13560;NAmes;1Fam;6;3;1968;1968;Hip;1392;Gd;Y;1392;5;2;2009;110000
RL;11625;Sawyer;2fmCon;5;4;1965;1965;Hip;1039;Ex;Y;1039;6;2;2010;131500
RL;13284;Sawyer;1Fam;5;5;1954;1954;Gable;1383;TA;Y;1383;6;1;2008;165000
RL;13695;SawyerW;1Fam;6;5;2003;2004;Gable;1114;Ex;Y;1114;6;2;2008;155000
RL;11050;CollgCr;1Fam;9;5;2000;2000;Hip;1440;Ex;Y;2153;8;3;2009;313000
RL;7000;Edwards;2fmCon;5;7;1910;1991;Gable;1117;TA;Y;1347;5;0;2008;107500
RL;9938;SawyerW;1Fam;7;5;1993;1994;Gable;1050;Ex;Y;1949;8;2;2010;236000
RL;9100;CollgCr;1Fam;7;5;2000;2000;Gable;1525;Ex;Y;1525;6;2;2006;235000
RL;12011;NoRidge;1Fam;8;5;1998;1998;Gable;1086;Ex;Y;1924;7;2;2006;280000
RM;4500;Mitchel;Twnhs;6;5;1998;1998;Hip;1216;Ex;Y;1216;5;2;2006;164000
RL;8924;CollgCr;1Fam;7;5;1998;1999;Gable;880;Ex;Y;1724;8;2;2008;188000
RL;5868;NAmes;1Fam;5;7;1956;2000;Gable;936;Ex;Y;936;4;1;2010;129000
RL;8910;NAmes;1Fam;6;6;1959;1959;Hip;655;Ex;Y;1194;6;2;2006;159500
RL;3182;Blmngtn;TwnhsE;7;5;2005;2006;Gable;1346;Ex;Y;1504;7;2;2008;191000
RL;7588;Crawfor;1Fam;7;6;1920;1950;Gable;793;Gd;Y;1802;9;1;2006;200100
RL;9842;SWISU;1Fam;5;6;1921;1998;Gable;612;Ex;Y;2601;8;2;2008;189000
RL;23595;ClearCr;1Fam;7;6;1979;1979;Shed;1332;TA;Y;1524;4;2;2010;260000
FV;2280;Somerst;Twnhs;7;5;1999;1999;Gable;744;Gd;Y;1501;6;2;2008;179400
FV;7050;Somerst;1Fam;7;5;2001;2001;Gable;1057;Ex;Y;1929;7;2;2007;226000
RL;10542;NoRidge;1Fam;7;5;1993;1994;Hip;1311;Ex;Y;2418;9;3;2008;341000
RL;9750;CollgCr;1Fam;7;5;2000;2001;Gable;1630;Ex;Y;1630;6;2;2009;213000
RL;12384;NWAmes;1Fam;7;7;1976;1976;Gable;793;TA;Y;1935;7;2;2007;197900
RM;6000;BrkSide;1Fam;5;7;1921;1950;Gable;616;Gd;Y;616;4;1;2006;89000
RL;10793;NWAmes;1Fam;5;5;1969;1969;Mansard;780;Ex;Y;1620;7;2;2007;152000
RL;9069;SawyerW;1Fam;6;6;1992;1992;Gable;936;Ex;Y;996;5;2;2010;147000
RL;7438;BrkSide;1Fam;5;8;1908;1991;Gable;504;Gd;Y;1252;5;2;2006;127000
RL;13700;NAmes;1Fam;7;6;1965;1988;Gable;864;TA;Y;1820;8;2;2008;201800
RL;9200;CollgCr;1Fam;5;6;1975;1980;Hip;938;TA;Y;938;5;1;2008;130250
RL;16659;NWAmes;1Fam;7;7;1977;1994;Gable;795;Fa;Y;2263;9;2;2006;235000
RL;13418;NridgHt;1Fam;8;5;2004;2005;Gable;1117;Ex;Y;2452;9;3;2006;309000
RL;12537;NAmes;1Fam;5;6;1971;2008;Gable;1078;Ex;Y;1078;6;2;2010;149900
RL;13693;NridgHt;1Fam;9;5;2006;2006;Hip;2153;Ex;Y;2643;9;3;2007;380000
RL;10335;CollgCr;1Fam;7;5;1999;1999;Gable;1490;Ex;Y;1501;6;2;2009;204000
RL;10482;NAmes;1Fam;6;8;1958;1958;Hip;588;Ex;Y;1138;6;1;2007;145000
RL;8012;SawyerW;TwnhsE;6;5;1993;1994;Gable;1604;Ex;Y;1617;5;2;2008;193000
RL;14778;Crawfor;1Fam;6;7;1954;2006;Hip;1296;Ex;Y;1640;7;2;2008;224000
RL;9750;NAmes;1Fam;6;8;1969;1969;Gable;1054;Gd;Y;1054;6;2;2008;151000
RL;15426;CollgCr;1Fam;6;5;1997;1997;Gable;928;Ex;Y;1764;7;2;2009;231500
RL;9600;NAmes;1Fam;5;6;1959;1959;Gable;1041;Ex;Y;1041;6;1;2009;124500
RL;11645;CollgCr;1Fam;7;5;2005;2005;Gable;1734;Ex;Y;1734;7;2;2006;260000
RM;8263;IDOTRR;1Fam;6;5;1920;1950;Gable;1012;TA;Y;1012;6;1;2007;118400
RL;10420;Edwards;1Fam;6;5;2009;2009;Gable;1212;Ex;Y;1212;6;2;2010;186000
RL;9600;NWAmes;1Fam;8;5;1981;1981;Hip;2524;TA;Y;2524;9;2;2009;278000
RL;8385;CollgCr;1Fam;5;8;1977;1977;Gable;985;TA;Y;985;6;1;2008;149900
RM;7920;IDOTRR;1Fam;6;7;1920;1950;Gable;319;TA;Y;1406;6;0;2008;89500
RL;10007;NAmes;1Fam;5;7;1959;2006;Gable;1053;Ex;Y;1053;5;1;2008;145500
RL;9750;CollgCr;1Fam;7;6;1998;1998;Gable;1108;Ex;Y;2097;8;2;2006;274300
RL;7875;NAmes;1Fam;5;6;1961;1961;Gable;1144;Gd;Y;1144;6;2;2008;139950
RL;7150;NAmes;1Fam;5;5;1967;1967;Gable;892;TA;Y;892;5;1;2009;100000
RL;14100;Crawfor;1Fam;8;9;1935;1997;Gable;728;Ex;Y;3447;11;3;2008;381000
RL;10206;Somerst;1Fam;8;5;2007;2007;Gable;1563;Ex;Y;1563;6;3;2008;245000
RL;8800;NAmes;1Fam;6;6;1964;1964;Hip;1251;TA;Y;1251;6;1;2006;160000
RL;11250;CollgCr;1Fam;7;5;2001;2002;Gable;920;Ex;Y;1786;6;2;2008;223500
RL;8724;Sawyer;1Fam;5;5;1968;1968;Gable;894;Gd;Y;894;5;2;2007;129000
RL;9101;Mitchel;1Fam;5;6;1978;1978;Gable;1097;Ex;Y;1110;4;2;2009;165500
RL;8633;CollgCr;1Fam;6;5;2005;2005;Gable;738;Ex;Y;1476;7;2;2009;173500
RM;4388;OldTown;1Fam;5;7;1930;1950;Gable;672;Ex;Y;840;5;0;2007;87000
RL;7838;NAmes;1Fam;5;5;1967;1967;Gable;864;TA;Y;900;6;1;2006;123000
RL;7590;NAmes;1Fam;5;5;1962;1962;Gable;864;TA;Y;1812;8;1;2007;169500
RM;5000;OldTown;1Fam;5;4;1900;1950;Gable;540;Gd;N;1440;6;1;2006;79000
RL;7500;SawyerW;1Fam;7;5;2004;2005;Gable;1080;Ex;Y;1080;6;0;2008;141000
RL;10000;Sawyer;1Fam;5;6;1961;1983;Hip;864;Ex;Y;1144;6;1;2009;131400
RL;9758;NAmes;1Fam;5;5;1971;1971;Gable;950;TA;Y;950;5;1;2007;119500
RL;10762;Gilbert;1Fam;7;5;1999;1999;Gable;978;Ex;Y;1983;9;2;2009;225000
RM;10120;OldTown;2fmCon;7;4;1910;1950;Hip;925;TA;N;1889;9;1;2007;122000
RL;9452;NoRidge;1Fam;8;5;1997;1998;Gable;1396;Ex;Y;2392;7;3;2006;348000
RL;11160;NAmes;1Fam;7;5;1968;1968;Hip;2110;Ex;Y;2110;8;2;2010;244000
RL;12464;CollgCr;1Fam;5;5;1996;1996;Gable;1040;Gd;Y;1040;6;2;2009;152000
RL;9303;Timber;1Fam;6;5;1996;1997;Hip;872;Ex;Y;1756;7;2;2007;204000
RL;11198;StoneBr;1Fam;9;5;2005;2007;Hip;1122;Ex;Y;2504;11;3;2008;325000
RL;8773;CollgCr;1Fam;7;5;2004;2004;Gable;1414;Ex;Y;1414;6;2;2010;185500
RL;9022;OldTown;1Fam;5;8;1924;2006;Gable;768;Ex;Y;792;5;1;2009;109500
RL;17500;Crawfor;1Fam;7;8;1959;2002;Gable;1902;TA;Y;1902;7;2;2010;335000
RL;7340;NAmes;1Fam;4;6;1971;1971;Gable;858;TA;Y;858;4;1;2007;110000
RL;8281;Sawyer;1Fam;5;5;1965;1965;Gable;864;Gd;Y;864;5;1;2009;62383
RM;4500;Mitchel;TwnhsE;6;5;1998;1998;Hip;1204;Ex;Y;1204;5;2;2009;162000
RL;9650;NWAmes;1Fam;6;5;1977;1977;Gable;1350;TA;Y;1334;6;2;2009;167900
RM;4426;CollgCr;TwnhsE;6;5;2004;2004;Gable;848;Ex;Y;848;3;2;2008;149300
RM;6780;IDOTRR;2fmCon;6;8;1935;1982;Gable;520;Gd;N;754;5;0;2006;84500
RL;3696;StoneBr;TwnhsE;8;5;1986;1986;Gable;1074;Ex;Y;1088;5;2;2007;170000
RL;10832;Gilbert;1Fam;7;5;1994;1996;Gable;712;Ex;Y;1895;7;2;2008;194500
RL;7950;Edwards;1Fam;6;6;1977;1977;Hip;690;TA;Y;1426;6;2;2009;159500
RL;9230;NAmes;1Fam;5;8;1965;1998;Hip;864;Gd;Y;1200;6;2;2006;146000
RH;4058;NAmes;TwnhsE;7;5;1998;1998;Gable;723;Ex;Y;767;4;1;2007;133000
RM;1680;BrDale;Twnhs;5;7;1972;1972;Gable;630;TA;Y;1302;6;1;2009;119500
RL;14781;CollgCr;1Fam;8;5;2001;2002;Hip;1753;Ex;Y;1787;7;3;2006;275000
RL;7000;CollgCr;1Fam;5;8;1978;2005;Gable;864;Ex;Y;864;6;1;2009;136500
RL;8430;CollgCr;1Fam;5;5;1978;1978;Gable;1040;TA;Y;1040;5;0;2009;124000
RL;53107;ClearCr;1Fam;6;5;1992;1992;Gable;1580;Ex;Y;1953;9;2;2007;240000
RL;8125;NAmes;1Fam;4;4;1971;1971;Gable;858;TA;Y;858;5;0;2006;88000
RL;11200;SawyerW;1Fam;6;5;1985;1985;Gable;1298;TA;Y;1298;5;2;2006;180000
RL;16737;NridgHt;1Fam;9;5;2004;2005;Hip;1980;Ex;Y;1980;8;3;2006;315000
RL;9967;Gilbert;1Fam;7;5;2000;2000;Gable;384;Ex;Y;1430;8;2;2007;170000
RL;14585;NAmes;1Fam;6;6;1960;1987;Gable;1144;Ex;Y;1429;7;2;2007;181900
RL;16692;NWAmes;1Fam;7;5;1978;1978;Gable;1392;TA;Y;2784;12;2;2006;250000
RL;2308;NPkVill;TwnhsE;6;5;1974;1974;Gable;855;TA;Y;1322;6;2;2009;147000
RL;13125;Sawyer;1Fam;5;4;1957;2000;Gable;1134;Ex;Y;1803;8;2;2006;155000
RL;24682;Gilbert;1Fam;6;5;1999;1999;Gable;841;Ex;Y;1675;7;2;2009;181000
RL;8593;NAmes;1Fam;4;6;1957;1957;Hip;907;Ex;Y;907;5;1;2008;109008
RL;11767;Edwards;1Fam;4;7;1910;2000;Gable;560;Gd;N;1346;6;1;2007;112000
RL;12393;CollgCr;1Fam;7;5;2004;2005;Gable;847;Ex;Y;1948;8;2;2006;195000
RL;16905;Timber;1Fam;5;6;1959;1959;Gable;1350;Gd;Y;1328;5;1;2007;170000
FV;3316;Somerst;TwnhsE;8;5;2005;2005;Gable;1247;Ex;Y;1247;4;2;2006;197000
RL;11218;SawyerW;1Fam;6;5;1992;1992;Gable;1055;Ex;Y;1845;8;2;2010;189000
RL;12160;NAmes;1Fam;6;4;1953;1953;Hip;1505;Ex;Y;1505;6;2;2009;149500
RL;12925;NAmes;1Fam;6;7;1970;1970;Gable;1205;Ex;Y;2117;7;2;2008;237500
RL;10357;SawyerW;1Fam;7;5;1990;1991;Hip;910;Gd;Y;1442;6;2;2007;179900
RL;2628;NridgHt;Twnhs;7;5;2003;2003;Gable;764;Ex;Y;1626;6;2;2010;175500
RL;8450;CollgCr;1Fam;7;5;2003;2003;Gable;1337;Ex;Y;1337;6;2;2007;185000
RL;9337;CollgCr;1Fam;6;5;1997;1997;Gable;824;Ex;Y;1786;7;2;2007;204750
RL;7128;Crawfor;1Fam;7;5;1941;1950;Gable;918;Gd;Y;1646;7;1;2007;164000
FV;3182;Somerst;TwnhsE;7;5;2004;2005;Gable;600;Ex;Y;1200;4;2;2010;151000
RL;12046;NWAmes;1Fam;6;6;1976;1976;Gable;848;TA;Y;2030;8;2;2007;195000
RL;8400;SawyerW;1Fam;6;6;1980;1981;Gable;650;TA;Y;1564;7;2;2010;171000
RL;7931;NAmes;1Fam;5;5;1959;1959;Hip;1148;TA;Y;1148;6;1;2009;132500
RL;7795;Gilbert;1Fam;7;5;2004;2005;Gable;716;Ex;Y;1432;6;2;2009;188500
RM;6000;OldTown;1Fam;6;6;1925;1980;Gable;1103;Gd;Y;1103;5;2;2006;110500
RM;6000;OldTown;1Fam;3;7;1948;2002;Gable;649;Ex;Y;1183;6;1;2007;120000
RM;9142;OldTown;2fmCon;6;8;1910;1950;Gable;1020;Gd;N;1928;9;1;2006;137000
RL;8750;CollgCr;1Fam;7;5;1994;1995;Gable;915;Ex;Y;1908;8;2;2008;210000
RM;6000;BrkSide;1Fam;6;7;1929;1950;Gable;862;TA;Y;1158;5;1;2008;120000
RL;7937;Mitchel;1Fam;6;6;1984;1984;Gable;1003;TA;Y;1003;6;2;2006;142500
RL;9600;Veenker;1Fam;6;8;1976;1976;Gable;1262;Ex;Y;1262;6;2;2007;181500
RL;10200;Sawyer;1Fam;5;8;1940;1997;Gable;672;Ex;Y;672;4;1;2008;108000
FV;7500;Somerst;1Fam;7;5;2000;2000;Gable;814;Ex;Y;1674;7;2;2010;216000
RL;2268;NridgHt;Twnhs;7;5;2003;2004;Gable;764;Ex;Y;1626;6;2;2009;173000
RM;2522;Edwards;Twnhs;7;5;2004;2004;Gable;970;Ex;Y;1709;7;2;2006;137500
RL;9786;NAmes;1Fam;6;7;1962;1981;Gable;912;TA;Y;1734;7;2;2006;159000
RL;9600;Crawfor;1Fam;5;7;1940;1950;Gable;728;Ex;Y;1308;7;1;2009;160000
RL;10480;NWAmes;1Fam;7;6;1976;1976;Hip;803;TA;Y;1964;8;2;2008;205000
RL;50271;Veenker;1Fam;9;5;1981;1987;Gable;1842;Gd;Y;1842;5;3;2006;385000
RM;11700;OldTown;1Fam;7;7;1880;2003;Mansard;1240;TA;N;2640;8;4;2009;265979
RL;8487;CollgCr;1Fam;7;5;2004;2004;Gable;1500;Ex;Y;1500;6;2;2009;190000
RL;10463;Gilbert;1Fam;8;5;2005;2005;Gable;893;Ex;Y;1801;8;3;2006;239900
RL;10020;Edwards;1Fam;1;1;1922;1950;Gable;683;Gd;N;904;4;0;2009;61000
RL;9742;CollgCr;1Fam;8;5;2002;2002;Hip;1777;Ex;Y;1795;7;2;2008;230000
RM;7200;OldTown;1Fam;5;4;1910;2006;Hip;1022;TA;N;1022;4;1;2009;85000
RL;12798;ClearCr;1Fam;6;5;1997;1997;Gable;616;Gd;Y;1688;8;2;2008;200000
RL;34650;Gilbert;2fmCon;5;5;1955;1955;Hip;1056;TA;N;1056;5;2;2006;145000
RL;8892;NAmes;1Fam;5;7;1953;1996;Gable;105;Gd;Y;910;5;2;2008;116000
RL;11235;Sawyer;1Fam;4;5;1963;1979;Gable;1051;Gd;Y;1382;6;2;2006;148000
RL;6435;BrkSide;1Fam;6;5;1939;1950;Gable;972;Gd;Y;1577;6;1;2006;140200
RL;9587;Gilbert;1Fam;7;5;2005;2005;Gable;856;Ex;Y;1166;5;2;2008;190000
RL;12378;NridgHt;1Fam;9;5;2003;2004;Gable;1896;Ex;Y;1944;8;3;2006;360000
RL;17871;NWAmes;1Fam;6;5;1967;1976;Gable;1680;Fa;Y;1724;7;2;2009;197900
RL;26142;Mitchel;1Fam;5;7;1962;1962;Gable;1188;TA;Y;1188;6;1;2010;157900
RL;6420;Edwards;1Fam;5;7;1952;1952;Gable;980;Fa;Y;1148;6;1;2006;123500
RL;9300;NAmes;1Fam;5;5;1960;1960;Gable;1268;TA;Y;1264;6;2;2010;167500
RL;8773;Gilbert;1Fam;6;5;1997;1997;Gable;916;Gd;Y;1600;7;2;2007;169000
RL;25000;Mitchel;Duplex;5;4;1967;1967;Gable;1632;TA;Y;1632;8;2;2007;143000
RL;11049;CollgCr;1Fam;8;5;2007;2007;Gable;1234;Ex;Y;1234;7;2;2008;179900
RM;4500;Mitchel;TwnhsE;6;5;1998;1998;Hip;1237;Ex;Y;1337;5;2;2006;153500
RL;12493;NAmes;1Fam;4;5;1960;1960;Gable;1100;TA;Y;1100;6;1;2008;141000
RM;17671;OldTown;1Fam;8;9;1882;1986;Gable;916;Gd;Y;1742;8;2;2009;168000
RL;12095;NAmes;1Fam;6;6;1964;1964;Gable;1127;TA;Y;1445;7;2;2009;158000
RL;11275;Crawfor;1Fam;6;7;1932;1950;Gable;854;TA;Y;1991;7;2;2007;220000
RL;10355;NAmes;1Fam;5;5;1967;1967;Gable;1214;TA;Y;1214;5;1;2007;143000
RL;8775;CollgCr;1Fam;5;5;1994;1994;Gable;990;Gd;Y;990;5;1;2007;126000
RL;39104;ClearCr;1Fam;7;7;1954;2005;Flat;1385;Ex;Y;1363;5;2;2008;241500
RL;11200;Sawyer;1Fam;5;5;1965;1965;Hip;1040;Ex;Y;1040;5;1;2008;129500
RL;15660;Crawfor;1Fam;7;9;1939;2006;Gable;798;Ex;Y;1954;8;2;2008;311500
RL;35760;NoRidge;1Fam;10;5;1995;1996;Hip;1930;Ex;Y;3627;10;3;2006;625000
RL;13515;BrkSide;1Fam;6;6;1919;1950;Gambrel;764;Ex;Y;1824;8;2;2007;180500
RL;7200;CollgCr;1Fam;5;7;1972;1972;Gable;780;Ex;Y;780;4;1;2008;124900
RM;10300;OldTown;1Fam;7;6;1921;1950;Gable;576;Gd;Y;1710;9;2;2010;140000
RL;8294;NAmes;1Fam;4;5;1971;1971;Gable;858;TA;Y;872;5;4;2007;123000
RM;5500;OldTown;1Fam;5;7;1929;2001;Gable;926;TA;Y;1316;6;2;2010;130000
RL;10570;Crawfor;1Fam;8;8;1932;1994;Hip;853;TA;Y;2727;10;2;2007;315000
RL;14006;CollgCr;1Fam;7;5;2002;2002;Gable;936;Ex;Y;1776;7;2;2006;192500
RL;9144;BrkSide;1Fam;5;5;1940;1982;Gable;883;Gd;Y;1505;8;1;2008;145000
RM;6380;BrkSide;1Fam;5;6;1922;1950;Gable;993;TA;Y;1048;5;1;2006;113000
RM;9100;BrkSide;1Fam;5;6;1930;1960;Gable;742;TA;Y;935;4;1;2008;79500
RL;5350;BrkSide;1Fam;3;2;1940;1966;Gable;728;Ex;Y;1306;6;0;2010;76500
RL;14000;ClearCr;1Fam;7;5;1996;1997;Gable;1306;Ex;Y;2260;7;2;2010;328000
RL;10140;NWAmes;1Fam;5;6;1975;1975;Gable;1056;Ex;Y;1074;6;2;2006;153500
RM;6240;BrkSide;1Fam;6;6;1934;1950;Gable;816;TA;Y;1176;6;2;2006;114500
RL;9120;BrkSide;1Fam;7;6;1925;1950;Gable;1026;Ex;Y;1820;8;1;2008;184000
RL;12099;NridgHt;1Fam;8;5;2004;2004;Gable;1136;Ex;Y;2468;10;3;2007;354000
FV;3230;Somerst;TwnhsE;6;5;1999;1999;Gable;729;Gd;Y;1471;6;2;2009;172500
RL;12342;NAmes;1Fam;5;5;1960;1978;Hip;978;TA;Y;1422;6;1;2007;139900
RL;53227;ClearCr;1Fam;4;6;1954;1994;Flat;1364;Ex;Y;1663;6;2;2008;256000
RL;7917;Gilbert;1Fam;6;5;1999;2000;Gable;953;Ex;Y;1647;7;2;2007;175000
RL;8450;NAmes;1Fam;5;6;1968;1968;Gable;1056;Ex;Y;1056;6;1;2010;142000
RL;21286;Sawyer;1Fam;5;5;1948;1950;Gable;720;TA;Y;1271;7;1;2008;135000
RL;9760;NAmes;1Fam;6;6;1964;1964;Gable;780;TA;Y;1611;7;2;2008;167900
RL;7500;Crawfor;1Fam;6;7;1942;1950;Gable;771;Fa;Y;1494;7;1;2009;177500
RL;9572;NoRidge;1Fam;8;5;1990;1990;Gable;1453;Ex;Y;2810;9;2;2007;302000
RL;9760;NAmes;1Fam;6;8;1964;1993;Hip;822;Gd;Y;1851;7;2;2007;187000
RL;8834;NridgHt;1Fam;9;5;2004;2005;Hip;1462;Ex;Y;2224;10;3;2009;350000
RL;8400;NAmes;1Fam;6;3;1957;1957;Hip;1478;Gd;Y;1478;6;2;2009;156500
RM;6240;BrkSide;1Fam;4;5;1947;1950;Gable;0;Gd;N;912;3;0;2006;80500
RL;9360;NWAmes;1Fam;6;7;1972;2006;Hip;1161;TA;Y;1381;5;2;2010;197500
RL;11616;Sawyer;1Fam;5;5;1962;1962;Gable;1092;TA;Y;1092;6;1;2009;139000
RL;14601;Timber;1Fam;9;5;2006;2006;Hip;1838;Ex;Y;1838;8;3;2009;315000
RL;5330;StoneBr;TwnhsE;8;5;2000;2000;Gable;1494;Ex;Y;1652;6;2;2007;251000
RL;14115;Mitchel;1Fam;5;5;1993;1995;Gable;796;Ex;Y;1362;5;2;2009;143000
RM;6060;IDOTRR;1Fam;4;5;1939;1950;Gable;732;Gd;Y;1123;4;1;2007;100000
RL;7264;BrkSide;1Fam;7;7;1925;2007;Gable;952;Gd;N;1548;5;2;2009;205000
RL;8029;Gilbert;1Fam;6;5;2005;2005;Gable;728;Ex;Y;1456;8;2;2008;176000
RL;7742;Sawyer;1Fam;5;7;1966;1966;Gable;955;Ex;Y;955;6;1;2007;127000
RL;7750;Gilbert;1Fam;8;5;2002;2002;Hip;408;Ex;Y;1419;7;2;2009;184100
RL;7015;BrkSide;1Fam;5;4;1950;1950;Gable;709;TA;Y;1203;5;1;2009;110000
RL;10552;NAmes;1Fam;5;5;1959;1959;Hip;1398;Gd;Y;1700;6;2;2010;165500
RL;8000;NAmes;Duplex;5;4;1961;1961;Gable;1800;Ex;N;1800;10;0;2007;141000
RL;7227;NAmes;1Fam;6;6;1954;1954;Gable;832;Gd;Y;832;4;2;2008;105500
RL;8885;Mitchel;1Fam;5;5;1983;1983;Gable;864;TA;Y;902;5;2;2006;131000
RL;6858;SWISU;1Fam;6;4;1915;1950;Gable;806;TA;N;1647;6;1;2010;128000
RL;4928;NPkVill;TwnhsE;6;6;1976;1976;Gable;958;TA;Y;958;5;2;2009;143750
RL;10635;CollgCr;1Fam;8;5;2003;2003;Hip;1657;Ex;Y;1668;8;2;2010;232000
RL;11341;Sawyer;1Fam;5;6;1957;1996;Hip;1392;TA;Y;1392;5;2;2010;121500
RL;9317;SawyerW;1Fam;7;5;1993;1993;Gable;740;Ex;Y;1775;7;2;2009;213000
RL;11248;CollgCr;1Fam;9;5;2002;2002;Hip;1626;Ex;Y;1668;7;3;2007;285000
RL;9246;NWAmes;Duplex;5;5;1973;1973;Gable;1656;TA;Y;1656;8;2;2008;135000
RM;7449;IDOTRR;1Fam;7;7;1930;1950;Gable;637;Ex;Y;1108;6;1;2007;139400
RL;8172;Edwards;1Fam;4;6;1954;1972;Gable;941;Ex;Y;1470;7;1;2008;135000
RL;7094;Sawyer;1Fam;5;5;1966;1966;Gable;894;TA;Y;894;5;1;2007;125000
RL;16669;Timber;1Fam;8;6;1981;1981;Hip;1686;TA;Y;1707;6;2;2006;228000
RL;4280;Crawfor;1Fam;5;6;1913;2002;Gable;440;TA;N;694;4;1;2007;90350
RM;8198;NridgHt;TwnhsE;7;5;2004;2004;Gable;1358;Ex;Y;1358;6;2;2008;207000
RM;6600;OldTown;1Fam;5;4;1892;1965;Gable;994;TA;N;2372;11;1;2009;107500
RL;6931;Edwards;1Fam;7;5;2003;2004;Gable;746;Ex;Y;1656;7;2;2008;165400
RL;16770;NoRidge;1Fam;7;5;1998;1998;Gable;1195;Gd;Y;1839;7;2;2010;221000
RM;3363;Edwards;TwnhsE;7;5;2004;2004;Gable;976;Ex;Y;1708;7;2;2006;130000
RL;8530;Gilbert;1Fam;7;5;1995;1996;Gable;384;Gd;Y;1474;7;2;2009;168500
RL;8070;CollgCr;1Fam;4;5;1994;1995;Gable;990;Ex;Y;990;5;0;2007;123600
RL;9750;NAmes;1Fam;5;5;1967;1967;Gable;980;Gd;Y;980;6;1;2006;135500
RL;11428;NridgHt;1Fam;8;5;2006;2006;Gable;1626;Ex;Y;1634;7;3;2007;250000
RL;8405;Edwards;1Fam;5;8;1900;1950;Gable;861;Ex;Y;1367;7;1;2008;119000
RL;10800;OldTown;1Fam;4;6;1927;2007;Gable;656;TA;Y;968;5;1;2007;64500
RL;10246;Sawyer;1Fam;4;9;1965;2001;Gable;648;Ex;Y;960;3;1;2006;145000
RM;1300;Blueste;TwnhsE;6;6;1980;1980;Gable;561;TA;Y;1229;5;2;2009;124000
RL;11764;NoRidge;1Fam;8;7;1999;2007;Gable;1152;Ex;Y;2270;9;3;2010;290000
RL;11367;CollgCr;1Fam;8;5;2002;2002;Gable;1065;Ex;Y;1989;7;2;2006;255000
RL;7200;NAmes;1Fam;5;4;1950;1982;Gable;1208;Gd;Y;1904;7;1;2009;138000
RL;8450;CollgCr;1Fam;7;5;2004;2004;Gable;1436;Ex;Y;1436;8;2;2008;210000
RL;9430;NoRidge;1Fam;8;5;1999;1999;Gable;1252;Ex;Y;2365;8;3;2009;337000
RL;13000;NAmes;1Fam;6;6;1968;1968;Gable;896;TA;Y;2142;8;1;2009;193500
RM;2522;Edwards;Twnhs;7;5;2004;2004;Gable;970;Ex;Y;1709;7;2;2006;130000
FV;3180;Somerst;TwnhsE;7;5;2005;2005;Gable;600;Ex;Y;1200;4;2;2006;151000
RL;14115;NWAmes;1Fam;7;5;1980;1980;Gable;1372;TA;Y;1472;6;2;2009;187500
RL;14200;NAmes;1Fam;7;6;1966;1966;Gable;924;Ex;Y;2157;8;2;2006;226000
RH;12155;SWISU;1Fam;6;8;1925;1950;Gable;672;TA;N;1482;7;1;2008;140000
RL;17400;Mitchel;1Fam;5;5;1977;1977;Gable;1126;Fa;Y;1126;5;2;2006;160000
RL;7472;NAmes;1Fam;7;9;1972;2004;Gable;725;Gd;Y;1479;7;2;2007;184000
RL;9382;CollgCr;1Fam;7;5;1999;2000;Gable;1468;Ex;Y;1479;6;2;2008;191000
RL;12342;Edwards;1Fam;4;5;1940;1950;Gable;861;Ex;Y;861;4;2;2009;82500
RM;6120;BrkSide;1Fam;5;8;1920;2004;Gable;939;Ex;Y;1513;8;1;2007;137500
RL;10304;NWAmes;1Fam;5;7;1976;1976;Gable;780;Ex;Y;1868;9;2;2009;197500
RL;13132;Crawfor;1Fam;5;5;1914;1950;Gable;747;Gd;Y;1784;9;1;2006;138887
RM;7407;OldTown;1Fam;6;7;1957;1996;Gable;912;TA;Y;1236;6;2;2010;149700
RM;22950;OldTown;1Fam;10;9;1892;1993;Gable;1107;Ex;Y;3608;12;3;2006;475000
RL;14331;Timber;1Fam;8;5;2002;2002;Hip;1800;Ex;Y;1800;7;3;2006;312500
RL;13125;SawyerW;1Fam;7;5;1991;1991;Gable;1104;Ex;Y;2127;8;3;2007;238000
RM;6882;IDOTRR;1Fam;6;7;1914;2006;Gable;684;TA;Y;1355;7;0;2007;127000
RL;8125;SawyerW;1Fam;6;5;1994;1998;Gable;1408;Ex;Y;1679;7;2;2008;193500
RL;10421;NWAmes;1Fam;7;5;1988;1988;Gable;980;TA;Y;1714;7;2;2010;196500
RL;6768;Sawyer;1Fam;6;8;1961;1996;Hip;912;Gd;Y;912;5;1;2008;142000
RL;57200;Timber;1Fam;5;5;1948;1950;Gable;747;TA;Y;1687;7;2;2010;160000
RM;12665;OldTown;1Fam;5;8;1915;1950;Gable;876;Gd;Y;1416;7;3;2008;153900
RL;10010;Mitchel;1Fam;5;5;1974;1975;Gable;1389;Gd;Y;1389;6;2;2006;170000
RL;6000;SWISU;1Fam;5;5;1926;1950;Gable;1008;Ex;Y;1522;7;0;2006;102000
RL;10134;OldTown;1Fam;5;6;1940;1950;Gable;735;Gd;Y;1034;5;1;2007;109000
FV;11143;Somerst;1Fam;8;5;2004;2005;Gable;1580;Ex;Y;2466;8;2;2007;340000
RM;6000;OldTown;1Fam;4;4;1920;1950;Hip;960;Gd;Y;960;5;1;2007;108500
RL;7200;Crawfor;1Fam;7;6;1931;2000;Gable;776;TA;Y;1502;6;1;2008;149000
RM;8635;BrkSide;1Fam;5;5;1948;2001;Gable;672;TA;Y;1285;6;1;2008;127000
RL;7800;Sawyer;1Fam;5;7;1967;2004;Hip;864;Ex;Y;899;5;1;2009;130000
RL;11207;Gilbert;1Fam;6;5;1997;1997;Gable;802;Gd;Y;1511;8;2;2006;185000
RM;7200;OldTown;Duplex;5;5;1980;1980;Gable;936;TA;Y;936;4;2;2007;140000
RM;1680;BrDale;Twnhs;6;5;1972;1972;Gable;483;TA;Y;987;5;1;2006;94500
RL;9600;NAmes;1Fam;6;6;1958;1988;Hip;1240;Gd;Y;1632;6;1;2009;139000
RL;16647;Sawyer;1Fam;5;5;1975;1981;Gable;1390;TA;Y;1701;6;2;2007;171000
RM;5684;OldTown;1Fam;6;8;1930;2005;Hip;813;Ex;Y;813;5;1;2006;110000
RL;9947;Mitchel;1Fam;7;5;1990;1991;Gable;1188;Ex;Y;1217;6;2;2009;173000
FV;7399;Somerst;1Fam;7;5;1997;1998;Hip;975;Ex;Y;1950;7;2;2007;239000
RM;8472;IDOTRR;Duplex;5;5;1963;1963;Gable;816;TA;N;816;5;2;2010;110000
RL;11184;Sawyer;1Fam;6;5;1978;1978;Hip;918;Gd;Y;1683;7;2;2009;172500
RL;17140;Edwards;1Fam;4;6;1956;1956;Gable;1134;Ex;Y;1229;6;1;2009;135000
RL;9920;NAmes;1Fam;5;5;1954;1954;Gable;1056;TA;Y;1063;6;1;2010;128000
RM;10800;OldTown;1Fam;5;6;1915;1950;Gable;686;TA;Y;1652;7;1;2010;139000
RL;9170;Edwards;1Fam;5;7;1965;1965;Hip;1214;Ex;Y;1214;6;2;2007;140000
RL;13346;NoRidge;1Fam;7;5;1992;2000;Gable;1095;Ex;Y;2295;9;2;2006;268000
RL;9600;NAmes;1Fam;6;6;1955;1996;Hip;992;Gd;Y;1661;8;1;2008;165500
RL;12209;Mitchel;1Fam;6;5;2001;2002;Gable;804;Ex;Y;1961;7;2;2009;215000
RL;7207;BrkSide;1Fam;5;7;1958;2008;Gable;858;Gd;Y;858;4;0;2010;116500
RL;9100;NAmes;1Fam;5;5;1958;1958;Gable;864;TA;Y;864;5;2;2006;129900
FV;2651;Somerst;Twnhs;7;5;2000;2000;Gable;673;Ex;Y;1382;6;2;2006;165000
FV;8125;Somerst;1Fam;7;5;2006;2007;Gable;1092;Ex;Y;1550;7;2;2009;241000
RL;3182;Blmngtn;TwnhsE;7;5;2005;2006;Gable;1346;Ex;Y;1504;7;2;2009;181000
RL;14157;StoneBr;1Fam;9;5;2005;2006;Hip;1922;Ex;Y;1922;8;3;2007;377426
RM;3500;OldTown;1Fam;5;7;1947;1950;Gable;720;TA;Y;1284;5;1;2009;110000
RL;11475;NWAmes;1Fam;6;6;1975;1975;Gable;713;TA;Y;1552;6;2;2006;179900
RL;6960;NAmes;1Fam;4;6;1970;1970;Gable;864;TA;Y;864;5;2;2009;120500
RL;9808;CollgCr;1Fam;7;5;2002;2002;Gable;1573;Ex;Y;1573;6;2;2009;227000
RL;12420;CollgCr;1Fam;7;5;2001;2001;Gable;944;Ex;Y;1840;6;2;2009;230000
RL;10410;OldTown;1Fam;5;7;1916;1987;Gable;660;Ex;Y;1656;8;1;2009;135000
RL;6979;OldTown;Duplex;6;5;1980;1980;Gable;1056;Gd;Y;1056;4;2;2010;144000
RL;8544;NAmes;Duplex;3;4;1950;1950;Gable;0;Gd;N;1040;6;2;2006;93500
RL;7558;Crawfor;1Fam;6;6;1928;1950;Gable;896;Gd;Y;1913;9;2;2009;177000
RL;13907;Edwards;1Fam;5;6;1940;1969;Gable;996;Ex;Y;996;6;0;2008;108000
RL;9600;NAmes;1Fam;6;8;1950;2005;Gable;856;Ex;Y;1668;6;1;2009;140000
RL;5400;OldTown;1Fam;4;6;1920;1950;Gable;840;Ex;Y;1374;6;1;2009;105000
RM;9600;OldTown;1Fam;7;7;1925;1990;Gable;728;Ex;Y;1641;6;2;2006;178000
RL;19138;Gilbert;1Fam;4;5;1951;1951;Gable;864;Ex;Y;864;4;2;2010;141000
RL;8740;Sawyer;1Fam;5;6;1982;1982;Hip;840;TA;Y;860;4;2;2009;137000
RL;12244;Timber;1Fam;8;5;2003;2003;Hip;1482;Ex;Y;2262;10;3;2008;305000
RL;10000;NAmes;1Fam;6;6;1962;1962;Hip;1116;TA;Y;1116;5;2;2010;160000
RL;7314;CollgCr;1Fam;7;5;2007;2007;Gable;1232;Ex;Y;1232;6;2;2009;194500
RL;6305;Crawfor;1Fam;5;7;1938;1950;Gable;920;Ex;Y;954;5;1;2007;119750
RM;13500;OldTown;1Fam;10;9;1893;2000;Gable;1237;Gd;Y;2775;9;2;2008;325000
FV;10625;Somerst;1Fam;7;5;2005;2005;Gable;1026;Ex;Y;1958;9;3;2008;250000
RL;7200;NAmes;Duplex;4;5;1949;1950;Gable;0;Fa;N;1040;6;2;2009;90000
RL;7758;Sawyer;1Fam;5;7;1962;2001;Gable;999;Gd;Y;999;6;1;2007;132500
RL;7252;Sawyer;1Fam;5;5;1982;1982;Hip;858;TA;Y;858;5;2;2009;134900
RL;4590;NridgHt;Twnhs;8;5;2006;2006;Gable;1554;Ex;Y;1554;6;2;2007;209500
RL;9480;NAmes;1Fam;5;7;1942;1995;Gable;728;Ex;Y;1644;7;1;2007;146500
RL;9020;NAmes;1Fam;6;5;1964;1964;Gable;1248;TA;Y;1350;6;2;2008;168500
RL;14442;Crawfor;1Fam;6;7;1957;2004;Hip;1477;Ex;Y;1839;7;2;2007;257500
RL;12546;NWAmes;1Fam;6;7;1981;1981;Gable;1440;Ex;Y;1440;7;2;2007;182900
RL;10402;CollgCr;1Fam;7;5;2009;2009;Gable;1226;Ex;Y;1226;6;3;2010;198900
RL;7024;Edwards;1Fam;4;5;2005;2005;Gable;1132;Ex;Y;1132;5;2;2008;176000
RL;9247;NAmes;1Fam;6;6;1962;1962;Gable;858;Ex;Y;1716;8;2;2008;171000
RL;11317;CollgCr;1Fam;7;5;2003;2003;Gable;840;Ex;Y;1668;8;2;2007;180000
RL;53504;StoneBr;1Fam;8;5;2003;2003;Hip;1650;Ex;Y;3279;12;3;2010;538000
RL;8199;CollgCr;1Fam;7;5;2005;2005;Gable;728;Ex;Y;1456;7;2;2008;189000
RL;8777;Edwards;1Fam;5;7;1910;1950;Gable;796;Gd;Y;796;4;0;2008;85000
RM;10440;OldTown;1Fam;5;6;1910;1981;Gable;440;Gd;Y;1230;5;2;2009;110000
RM;6402;IDOTRR;1Fam;5;5;1920;1950;Gable;596;TA;N;1192;6;1;2009;78000
RL;14774;NoRidge;1Fam;9;5;1999;1999;Gable;1393;Ex;Y;2599;10;3;2010;333168
RM;1491;MeadowV;TwnhsE;4;6;1972;1972;Gable;630;Ex;Y;630;3;0;2010;75500
RL;7750;Gilbert;1Fam;7;5;2000;2000;Gable;384;Ex;Y;1430;7;2;2010;180000
RH;8400;SawyerW;1Fam;4;4;1950;1950;Gable;721;Gd;Y;841;4;1;2009;82000
RL;15602;Crawfor;1Fam;7;8;1959;1997;Gable;1501;TA;Y;1801;6;2;2010;289000
RL;16196;SawyerW;1Fam;7;5;1998;1998;Gable;1482;Ex;Y;1494;5;2;2007;215000
RL;13053;BrkSide;1Fam;6;7;1923;2000;Gambrel;833;Gd;Y;1848;8;2;2008;207000
RM;11340;OldTown;2fmCon;4;6;1885;1950;Gable;777;Gd;Y;2290;11;2;2010;122500
FV;2160;Somerst;Twnhs;7;5;1999;2000;Gable;600;Ex;Y;1252;4;2;2008;160000
FV;2117;Somerst;Twnhs;6;5;2000;2000;Gable;756;Ex;Y;1573;5;2;2010;177500
RM;5250;OldTown;1Fam;8;5;1872;1987;Gable;684;Fa;N;2358;8;0;2008;122000
RL;10011;NAmes;1Fam;5;6;1957;1996;Gable;1070;TA;Y;1236;6;1;2006;134450
RL;11512;Edwards;1Fam;6;7;1959;2006;Gable;1019;Gd;Y;1357;5;1;2008;177000
RL;14892;Gilbert;1Fam;9;5;2006;2007;Gable;1746;Ex;Y;1746;7;3;2009;377500
RL;15576;Crawfor;1Fam;6;7;1915;1976;Gable;840;Ex;Y;1680;8;1;2008;177000
RL;9200;NoRidge;1Fam;8;5;1998;1998;Gable;1470;Gd;Y;2630;8;3;2008;315000
RL;13400;NAmes;1Fam;5;5;1966;1966;Gable;1024;TA;Y;1086;6;2;2006;159950
RL;7763;NAmes;1Fam;5;7;1962;1980;Gable;931;TA;Y;1283;6;2;2008;140000
RM;6900;IDOTRR;1Fam;5;6;1940;1955;Gable;740;Ex;Y;778;4;1;2008;120500
RL;5687;SWISU;2fmCon;5;6;1912;2000;Gable;780;Ex;N;1716;9;0;2008;135900
RL;164660;Timber;2fmCon;5;6;1965;1965;Gable;1499;Ex;Y;1786;7;2;2008;228950
RL;3196;Blmngtn;TwnhsE;8;5;2003;2003;Gable;1273;Ex;Y;1456;7;2;2006;215000
RL;10475;CollgCr;1Fam;8;5;2008;2008;Gable;1694;Ex;Y;1694;7;3;2010;245350
RL;10142;SawyerW;1Fam;7;5;2004;2004;Gable;956;Ex;Y;2084;8;2;2010;233000
RH;7136;Crawfor;Duplex;6;6;1946;1950;Gable;979;TA;N;1958;8;2;2007;145000
RL;9150;NAmes;1Fam;6;5;1962;1962;Gable;1099;Gd;Y;1431;6;1;2008;165000
RL;7052;NridgHt;TwnhsE;7;5;2005;2005;Gable;1364;Ex;Y;1364;6;2;2006;185850
RL;18800;NWAmes;1Fam;6;5;1976;1976;Gable;796;TA;Y;1574;6;2;2006;190000
RL;10784;Gilbert;1Fam;7;5;1991;1992;Gable;384;Gd;Y;1472;7;2;2007;160000
RL;5395;StoneBr;TwnhsE;8;5;1993;1993;Gable;1337;Gd;Y;1337;5;2;2008;180000
RL;6600;Mitchel;1Fam;5;8;1982;2003;Gable;816;Ex;Y;816;4;2;2008;138000
FV;9375;Somerst;1Fam;8;5;2003;2004;Hip;1053;Ex;Y;1992;9;2;2008;250000
RL;10335;Sawyer;1Fam;5;6;1968;1993;Gable;1461;Gd;Y;1721;7;2;2006;180000
RM;1680;BrDale;Twnhs;6;8;1972;2007;Gable;483;Gd;Y;987;5;1;2009;118000
RL;13214;Timber;1Fam;9;5;2008;2009;Hip;2002;Ex;Y;2018;10;3;2010;378500
RL;21780;Edwards;1Fam;6;7;1918;1950;Gable;1163;Ex;Y;1674;8;2;2008;185000
RL;9738;Edwards;1Fam;5;7;1924;1950;Gable;784;Gd;Y;1221;7;1;2006;104900
RL;2448;NridgHt;Twnhs;7;5;2003;2004;Gable;764;Ex;Y;1626;6;2;2008;154000
RL;11988;Crawfor;1Fam;6;7;1934;1995;Hip;715;Fa;Y;1660;6;1;2008;188700
RM;10690;IDOTRR;1Fam;5;7;1920;1997;Hip;672;Gd;Y;1344;6;1;2009;147000
RL;7658;NridgHt;TwnhsE;9;5;2005;2005;Hip;1752;Ex;Y;1752;6;2;2010;319900
RL;5500;OldTown;1Fam;4;6;1956;1956;Gable;882;Ex;Y;882;4;0;2007;103200
RM;5400;OldTown;1Fam;6;7;1926;2004;Gable;1149;Gd;Y;1616;5;1;2007;152000
RL;11717;NWAmes;1Fam;6;6;1970;1970;Hip;1442;TA;Y;1442;6;2;2009;185000
RL;9490;NAmes;1Fam;6;7;1941;1950;Gable;806;TA;Y;1578;5;1;2006;133000
RL;10261;Gilbert;1Fam;6;5;2000;2000;Gable;936;Ex;Y;1792;8;2;2008;186500
RL;8750;CollgCr;1Fam;6;5;1998;1998;Gable;804;Ex;Y;1682;7;2;2010;200500
RL;6240;NridgHt;TwnhsE;8;5;2006;2006;Hip;1324;Ex;Y;1324;6;2;2009;254000
RL;8521;Sawyer;1Fam;5;5;1967;1967;Gable;912;TA;Y;912;5;1;2010;125000
RL;8816;ClearCr;1Fam;6;7;1971;1971;Gable;1010;Gd;Y;1052;6;2;2010;155000
RL;13680;Edwards;1Fam;3;5;1955;1955;Hip;0;Ex;Y;1733;8;2;2009;139600
RL;10152;NAmes;1Fam;5;5;1956;1956;Hip;1048;TA;Y;1048;6;1;2007;135000
RL;10665;CollgCr;1Fam;7;5;2003;2003;Gable;1453;Ex;Y;1479;7;2;2007;226000
RL;6762;CollgCr;1Fam;7;5;2006;2006;Gable;1187;Ex;Y;1208;6;2;2010;206000
RL;21695;Crawfor;1Fam;6;9;1988;2007;Hip;880;Ex;Y;1680;5;2;2009;222000
RL;10437;NoRidge;1Fam;8;6;1995;1995;Hip;2109;Ex;Y;2113;7;3;2008;350000
RL;9477;NAmes;1Fam;5;5;1966;1966;Gable;864;TA;Y;892;5;1;2008;110000
RL;16158;StoneBr;1Fam;7;5;2005;2005;Hip;1530;Ex;Y;1530;7;2;2009;260000
RL;70761;ClearCr;1Fam;7;5;1975;1975;Gable;1533;TA;Y;1533;5;2;2006;280000
RL;11584;NWAmes;1Fam;7;6;1979;1979;Hip;539;TA;Y;1725;6;2;2007;197000
RL;9790;NWAmes;1Fam;6;5;1967;1967;Gable;1372;TA;Y;1342;7;2;2009;161500
RL;10316;CollgCr;1Fam;7;5;2000;2000;Gable;992;Ex;Y;1865;7;3;2008;235000
RL;11526;Crawfor;1Fam;6;7;1922;1994;Gable;588;Fa;Y;2555;11;2;2008;191000
RL;10650;CollgCr;1Fam;5;6;1976;1976;Gable;894;TA;Y;894;5;1;2010;128200
RL;9600;NWAmes;1Fam;7;6;1973;1973;Hip;1242;Fa;Y;1242;6;2;2007;175500
RL;9375;CollgCr;1Fam;7;5;1997;1998;Gable;1057;Ex;Y;2034;8;2;2009;219500
RL;9790;NWAmes;1Fam;6;5;1963;1963;Hip;1328;TA;Y;1328;6;2;2010;143000
RL;10192;NWAmes;1Fam;7;6;1968;1992;Gable;570;Gd;Y;1920;8;2;2006;170000
RL;20544;NWAmes;1Fam;7;6;1986;1991;Gable;791;Gd;Y;2093;7;2;2008;215000
RL;21535;NoRidge;1Fam;10;6;1994;1995;Gable;2444;Ex;Y;4316;10;3;2007;755000
RL;10083;SawyerW;1Fam;7;5;2003;2003;Gable;1176;Ex;Y;1200;5;2;2009;184900
RL;8750;CollgCr;1Fam;7;5;1996;1996;Gable;880;Ex;Y;1716;7;2;2009;191000
RL;8064;NAmes;1Fam;5;7;1949;2006;Gable;672;Ex;Y;924;6;2;2007;122900
RL;13005;NWAmes;1Fam;7;7;1980;1980;Gable;845;TA;Y;2353;10;2;2009;260000
RL;9375;CollgCr;1Fam;8;5;2002;2002;Gable;1284;Ex;Y;2169;7;2;2007;228500
RL;9135;CollgCr;1Fam;7;5;2002;2003;Gable;1536;Ex;Y;1536;7;2;2008;214000
